symbol,trade_date,close
NVDA,2024-01-02,100.18
AAPL,2024-01-02,105.042
MSFT,2024-01-02,110.132
GOOGL,2024-01-02,115.0345
META,2024-01-02,120.252
AMZN,2024-01-02,125.1375
AMD,2024-01-02,130.195
NVDA,2024-01-03,100.3603
AAPL,2024-01-03,105.084
MSFT,2024-01-03,110.2642
GOOGL,2024-01-03,115.069
META,2024-01-03,120.5045
AMZN,2024-01-03,125.2752
AMD,2024-01-03,130.3903
NVDA,2024-01-04,100.541
AAPL,2024-01-04,105.1261
MSFT,2024-01-04,110.3965
GOOGL,2024-01-04,115.1035
META,2024-01-04,120.7576
AMZN,2024-01-04,125.413
AMD,2024-01-04,130.5859
NVDA,2024-01-05,100.7219
AAPL,2024-01-05,105.1681
MSFT,2024-01-05,110.529
GOOGL,2024-01-05,115.1381
META,2024-01-05,121.0112
AMZN,2024-01-05,125.5509
AMD,2024-01-05,130.7818
NVDA,2024-01-08,100.9032
AAPL,2024-01-08,105.2102
MSFT,2024-01-08,110.6616
GOOGL,2024-01-08,115.1726
META,2024-01-08,121.2653
AMZN,2024-01-08,125.689
AMD,2024-01-08,130.9779
NVDA,2024-01-09,101.0849
AAPL,2024-01-09,105.2523
MSFT,2024-01-09,110.7944
GOOGL,2024-01-09,115.2072
META,2024-01-09,121.52
AMZN,2024-01-09,125.8273
AMD,2024-01-09,131.1744
NVDA,2024-01-10,101.2668
AAPL,2024-01-10,105.2944
MSFT,2024-01-10,110.9273
GOOGL,2024-01-10,115.2417
META,2024-01-10,121.7752
AMZN,2024-01-10,125.9657
AMD,2024-01-10,131.3712
NVDA,2024-01-11,101.4491
AAPL,2024-01-11,105.3365
MSFT,2024-01-11,111.0604
GOOGL,2024-01-11,115.2763
META,2024-01-11,122.0309
AMZN,2024-01-11,126.1042
AMD,2024-01-11,131.5682
NVDA,2024-01-12,101.6317
AAPL,2024-01-12,105.3786
MSFT,2024-01-12,111.1937
GOOGL,2024-01-12,115.3109
META,2024-01-12,122.2871
AMZN,2024-01-12,126.243
AMD,2024-01-12,131.7656
NVDA,2024-01-15,101.9165
AAPL,2024-01-15,105.5262
MSFT,2024-01-15,111.4385
GOOGL,2024-01-15,115.4608
META,2024-01-15,122.6665
AMZN,2024-01-15,126.5082
AMD,2024-01-15,132.0952
NVDA,2024-01-16,102.0999
AAPL,2024-01-16,105.5684
MSFT,2024-01-16,111.5722
GOOGL,2024-01-16,115.4954
META,2024-01-16,122.9241
AMZN,2024-01-16,126.6474
AMD,2024-01-16,132.2933
NVDA,2024-01-17,102.2837
AAPL,2024-01-17,105.6106
MSFT,2024-01-17,111.7061
GOOGL,2024-01-17,115.5301
META,2024-01-17,123.1822
AMZN,2024-01-17,126.7867
AMD,2024-01-17,132.4918
NVDA,2024-01-18,102.4678
AAPL,2024-01-18,105.6529
MSFT,2024-01-18,111.8401
GOOGL,2024-01-18,115.5648
META,2024-01-18,123.4409
AMZN,2024-01-18,126.9261
AMD,2024-01-18,132.6905
NVDA,2024-01-19,102.6522
AAPL,2024-01-19,105.6951
MSFT,2024-01-19,111.9743
GOOGL,2024-01-19,115.5994
META,2024-01-19,123.7001
AMZN,2024-01-19,127.0658
AMD,2024-01-19,132.8895
NVDA,2024-01-22,102.837
AAPL,2024-01-22,105.7374
MSFT,2024-01-22,112.1087
GOOGL,2024-01-22,115.6341
META,2024-01-22,123.9599
AMZN,2024-01-22,127.2055
AMD,2024-01-22,133.0889
NVDA,2024-01-23,103.0221
AAPL,2024-01-23,105.7797
MSFT,2024-01-23,112.2432
GOOGL,2024-01-23,115.6688
META,2024-01-23,124.2202
AMZN,2024-01-23,127.3455
AMD,2024-01-23,133.2885
NVDA,2024-01-24,103.2076
AAPL,2024-01-24,105.822
MSFT,2024-01-24,112.3779
GOOGL,2024-01-24,115.7035
META,2024-01-24,124.4811
AMZN,2024-01-24,127.4855
AMD,2024-01-24,133.4884
NVDA,2024-01-25,103.3933
AAPL,2024-01-25,105.8643
MSFT,2024-01-25,112.5128
GOOGL,2024-01-25,115.7382
META,2024-01-25,124.7425
AMZN,2024-01-25,127.6258
AMD,2024-01-25,133.6887
NVDA,2024-01-26,103.5794
AAPL,2024-01-26,105.9067
MSFT,2024-01-26,112.6478
GOOGL,2024-01-26,115.7729
META,2024-01-26,125.0045
AMZN,2024-01-26,127.7662
AMD,2024-01-26,133.8892
NVDA,2024-01-29,103.7659
AAPL,2024-01-29,105.949
MSFT,2024-01-29,112.783
GOOGL,2024-01-29,115.8077
META,2024-01-29,125.267
AMZN,2024-01-29,127.9067
AMD,2024-01-29,134.09
NVDA,2024-01-30,103.9527
AAPL,2024-01-30,105.9914
MSFT,2024-01-30,112.9183
GOOGL,2024-01-30,115.8424
META,2024-01-30,125.53
AMZN,2024-01-30,128.0474
AMD,2024-01-30,134.2912
NVDA,2024-01-31,104.1398
AAPL,2024-01-31,106.0338
MSFT,2024-01-31,113.0538
GOOGL,2024-01-31,115.8772
META,2024-01-31,125.7936
AMZN,2024-01-31,128.1883
AMD,2024-01-31,134.4926
NVDA,2024-02-01,104.4316
AAPL,2024-02-01,106.1823
MSFT,2024-02-01,113.3027
GOOGL,2024-02-01,116.0278
META,2024-02-01,126.1839
AMZN,2024-02-01,128.4576
AMD,2024-02-01,134.829
NVDA,2024-02-02,104.6195
AAPL,2024-02-02,106.2248
MSFT,2024-02-02,113.4386
GOOGL,2024-02-02,116.0626
META,2024-02-02,126.4489
AMZN,2024-02-02,128.5989
AMD,2024-02-02,135.0313
NVDA,2024-02-05,104.8079
AAPL,2024-02-05,106.2673
MSFT,2024-02-05,113.5748
GOOGL,2024-02-05,116.0975
META,2024-02-05,126.7144
AMZN,2024-02-05,128.7404
AMD,2024-02-05,135.2338
NVDA,2024-02-06,104.9965
AAPL,2024-02-06,106.3098
MSFT,2024-02-06,113.7111
GOOGL,2024-02-06,116.1323
META,2024-02-06,126.9805
AMZN,2024-02-06,128.882
AMD,2024-02-06,135.4367
NVDA,2024-02-07,105.1855
AAPL,2024-02-07,106.3523
MSFT,2024-02-07,113.8475
GOOGL,2024-02-07,116.1671
META,2024-02-07,127.2472
AMZN,2024-02-07,129.0237
AMD,2024-02-07,135.6398
NVDA,2024-02-08,105.3748
AAPL,2024-02-08,106.3948
MSFT,2024-02-08,113.9841
GOOGL,2024-02-08,116.202
META,2024-02-08,127.5144
AMZN,2024-02-08,129.1657
AMD,2024-02-08,135.8433
NVDA,2024-02-09,105.5645
AAPL,2024-02-09,106.4374
MSFT,2024-02-09,114.1209
GOOGL,2024-02-09,116.2368
META,2024-02-09,127.7822
AMZN,2024-02-09,129.3077
AMD,2024-02-09,136.0471
NVDA,2024-02-12,105.7545
AAPL,2024-02-12,106.48
MSFT,2024-02-12,114.2579
GOOGL,2024-02-12,116.2717
META,2024-02-12,128.0505
AMZN,2024-02-12,129.45
AMD,2024-02-12,136.2511
NVDA,2024-02-13,105.9449
AAPL,2024-02-13,106.5226
MSFT,2024-02-13,114.395
GOOGL,2024-02-13,116.3066
META,2024-02-13,128.3194
AMZN,2024-02-13,129.5924
AMD,2024-02-13,136.4555
NVDA,2024-02-14,106.1356
AAPL,2024-02-14,106.5652
MSFT,2024-02-14,114.5322
GOOGL,2024-02-14,116.3415
META,2024-02-14,128.5889
AMZN,2024-02-14,129.7349
AMD,2024-02-14,136.6602
NVDA,2024-02-15,106.433
AAPL,2024-02-15,106.7144
MSFT,2024-02-15,114.7843
GOOGL,2024-02-15,116.4928
META,2024-02-15,128.9878
AMZN,2024-02-15,130.0075
AMD,2024-02-15,137.002
NVDA,2024-02-16,106.6245
AAPL,2024-02-16,106.7571
MSFT,2024-02-16,114.9221
GOOGL,2024-02-16,116.5277
META,2024-02-16,129.2586
AMZN,2024-02-16,130.1505
AMD,2024-02-16,137.2075
NVDA,2024-02-19,106.8165
AAPL,2024-02-19,106.7998
MSFT,2024-02-19,115.06
GOOGL,2024-02-19,116.5627
META,2024-02-19,129.5301
AMZN,2024-02-19,130.2937
AMD,2024-02-19,137.4134
NVDA,2024-02-20,107.0087
AAPL,2024-02-20,106.8425
MSFT,2024-02-20,115.1981
GOOGL,2024-02-20,116.5976
META,2024-02-20,129.8021
AMZN,2024-02-20,130.437
AMD,2024-02-20,137.6195
NVDA,2024-02-21,107.2013
AAPL,2024-02-21,106.8853
MSFT,2024-02-21,115.3363
GOOGL,2024-02-21,116.6326
META,2024-02-21,130.0747
AMZN,2024-02-21,130.5805
AMD,2024-02-21,137.8259
NVDA,2024-02-22,107.3943
AAPL,2024-02-22,106.928
MSFT,2024-02-22,115.4747
GOOGL,2024-02-22,116.6676
META,2024-02-22,130.3478
AMZN,2024-02-22,130.7241
AMD,2024-02-22,138.0326
NVDA,2024-02-23,107.5876
AAPL,2024-02-23,106.9708
MSFT,2024-02-23,115.6133
GOOGL,2024-02-23,116.7026
META,2024-02-23,130.6216
AMZN,2024-02-23,130.8679
AMD,2024-02-23,138.2397
NVDA,2024-02-26,107.7813
AAPL,2024-02-26,107.0136
MSFT,2024-02-26,115.752
GOOGL,2024-02-26,116.7376
META,2024-02-26,130.8959
AMZN,2024-02-26,131.0119
AMD,2024-02-26,138.4471
NVDA,2024-02-27,107.9753
AAPL,2024-02-27,107.0564
MSFT,2024-02-27,115.8909
GOOGL,2024-02-27,116.7726
META,2024-02-27,131.1708
AMZN,2024-02-27,131.156
AMD,2024-02-27,138.6547
NVDA,2024-02-28,108.1696
AAPL,2024-02-28,107.0992
MSFT,2024-02-28,116.03
GOOGL,2024-02-28,116.8077
META,2024-02-28,131.4462
AMZN,2024-02-28,131.3003
AMD,2024-02-28,138.8627
NVDA,2024-02-29,108.3643
AAPL,2024-02-29,107.142
MSFT,2024-02-29,116.1692
GOOGL,2024-02-29,116.8427
META,2024-02-29,131.7223
AMZN,2024-02-29,131.4447
AMD,2024-02-29,139.071
NVDA,2024-03-01,108.668
AAPL,2024-03-01,107.2921
MSFT,2024-03-01,116.4249
GOOGL,2024-03-01,116.9946
META,2024-03-01,132.1309
AMZN,2024-03-01,131.7209
AMD,2024-03-01,139.4189
NVDA,2024-03-04,108.8636
AAPL,2024-03-04,107.335
MSFT,2024-03-04,116.5646
GOOGL,2024-03-04,117.0297
META,2024-03-04,132.4083
AMZN,2024-03-04,131.8658
AMD,2024-03-04,139.628
NVDA,2024-03-05,109.0595
AAPL,2024-03-05,107.3779
MSFT,2024-03-05,116.7045
GOOGL,2024-03-05,117.0649
META,2024-03-05,132.6864
AMZN,2024-03-05,132.0108
AMD,2024-03-05,139.8375
NVDA,2024-03-06,109.2558
AAPL,2024-03-06,107.4209
MSFT,2024-03-06,116.8446
GOOGL,2024-03-06,117.1
META,2024-03-06,132.965
AMZN,2024-03-06,132.156
AMD,2024-03-06,140.0472
NVDA,2024-03-07,109.4525
AAPL,2024-03-07,107.4639
MSFT,2024-03-07,116.9848
GOOGL,2024-03-07,117.1351
META,2024-03-07,133.2443
AMZN,2024-03-07,132.3014
AMD,2024-03-07,140.2573
NVDA,2024-03-08,109.6495
AAPL,2024-03-08,107.5068
MSFT,2024-03-08,117.1252
GOOGL,2024-03-08,117.1702
META,2024-03-08,133.5241
AMZN,2024-03-08,132.4469
AMD,2024-03-08,140.4677
NVDA,2024-03-11,109.8469
AAPL,2024-03-11,107.5498
MSFT,2024-03-11,117.2657
GOOGL,2024-03-11,117.2054
META,2024-03-11,133.8045
AMZN,2024-03-11,132.5926
AMD,2024-03-11,140.6784
NVDA,2024-03-12,110.0446
AAPL,2024-03-12,107.5929
MSFT,2024-03-12,117.4064
GOOGL,2024-03-12,117.2406
META,2024-03-12,134.0855
AMZN,2024-03-12,132.7385
AMD,2024-03-12,140.8894
NVDA,2024-03-13,110.2427
AAPL,2024-03-13,107.6359
MSFT,2024-03-13,117.5473
GOOGL,2024-03-13,117.2757
META,2024-03-13,134.3671
AMZN,2024-03-13,132.8845
AMD,2024-03-13,141.1007
NVDA,2024-03-14,110.4411
AAPL,2024-03-14,107.6789
MSFT,2024-03-14,117.6884
GOOGL,2024-03-14,117.3109
META,2024-03-14,134.6492
AMZN,2024-03-14,133.0307
AMD,2024-03-14,141.3124
NVDA,2024-03-15,110.7505
AAPL,2024-03-15,107.8297
MSFT,2024-03-15,117.9474
GOOGL,2024-03-15,117.4634
META,2024-03-15,135.0669
AMZN,2024-03-15,133.3102
AMD,2024-03-15,141.6659
NVDA,2024-03-18,110.9499
AAPL,2024-03-18,107.8729
MSFT,2024-03-18,118.089
GOOGL,2024-03-18,117.4987
META,2024-03-18,135.3506
AMZN,2024-03-18,133.4568
AMD,2024-03-18,141.8784
NVDA,2024-03-19,111.1496
AAPL,2024-03-19,107.916
MSFT,2024-03-19,118.2307
GOOGL,2024-03-19,117.5339
META,2024-03-19,135.6348
AMZN,2024-03-19,133.6036
AMD,2024-03-19,142.0912
NVDA,2024-03-20,111.3497
AAPL,2024-03-20,107.9592
MSFT,2024-03-20,118.3726
GOOGL,2024-03-20,117.5692
META,2024-03-20,135.9196
AMZN,2024-03-20,133.7506
AMD,2024-03-20,142.3043
NVDA,2024-03-21,111.5501
AAPL,2024-03-21,108.0024
MSFT,2024-03-21,118.5146
GOOGL,2024-03-21,117.6045
META,2024-03-21,136.2051
AMZN,2024-03-21,133.8977
AMD,2024-03-21,142.5178
NVDA,2024-03-22,111.7509
AAPL,2024-03-22,108.0456
MSFT,2024-03-22,118.6568
GOOGL,2024-03-22,117.6397
META,2024-03-22,136.4911
AMZN,2024-03-22,134.045
AMD,2024-03-22,142.7316
NVDA,2024-03-25,111.952
AAPL,2024-03-25,108.0888
MSFT,2024-03-25,118.7992
GOOGL,2024-03-25,117.675
META,2024-03-25,136.7777
AMZN,2024-03-25,134.1925
AMD,2024-03-25,142.9457
NVDA,2024-03-26,112.1536
AAPL,2024-03-26,108.132
MSFT,2024-03-26,118.9418
GOOGL,2024-03-26,117.7103
META,2024-03-26,137.065
AMZN,2024-03-26,134.3401
AMD,2024-03-26,143.1601
NVDA,2024-03-27,112.3554
AAPL,2024-03-27,108.1753
MSFT,2024-03-27,119.0845
GOOGL,2024-03-27,117.7457
META,2024-03-27,137.3528
AMZN,2024-03-27,134.4878
AMD,2024-03-27,143.3748
NVDA,2024-03-28,112.5577
AAPL,2024-03-28,108.2186
MSFT,2024-03-28,119.2274
GOOGL,2024-03-28,117.781
META,2024-03-28,137.6412
AMZN,2024-03-28,134.6358
AMD,2024-03-28,143.5899
NVDA,2024-03-29,112.7603
AAPL,2024-03-29,108.2618
MSFT,2024-03-29,119.3705
GOOGL,2024-03-29,117.8163
META,2024-03-29,137.9303
AMZN,2024-03-29,134.7839
AMD,2024-03-29,143.8053
NVDA,2024-04-01,113.0762
AAPL,2024-04-01,108.4134
MSFT,2024-04-01,119.6332
GOOGL,2024-04-01,117.9695
META,2024-04-01,138.3582
AMZN,2024-04-01,135.0671
AMD,2024-04-01,144.165
NVDA,2024-04-02,113.2797
AAPL,2024-04-02,108.4568
MSFT,2024-04-02,119.7768
GOOGL,2024-04-02,118.0049
META,2024-04-02,138.6487
AMZN,2024-04-02,135.2156
AMD,2024-04-02,144.3812
NVDA,2024-04-03,113.4837
AAPL,2024-04-03,108.5002
MSFT,2024-04-03,119.9205
GOOGL,2024-04-03,118.0403
META,2024-04-03,138.9399
AMZN,2024-04-03,135.3644
AMD,2024-04-03,144.5978
NVDA,2024-04-04,113.6879
AAPL,2024-04-04,108.5436
MSFT,2024-04-04,120.0644
GOOGL,2024-04-04,118.0757
META,2024-04-04,139.2316
AMZN,2024-04-04,135.5133
AMD,2024-04-04,144.8147
NVDA,2024-04-05,113.8926
AAPL,2024-04-05,108.587
MSFT,2024-04-05,120.2085
GOOGL,2024-04-05,118.1111
META,2024-04-05,139.524
AMZN,2024-04-05,135.6623
AMD,2024-04-05,145.0319
NVDA,2024-04-08,114.0976
AAPL,2024-04-08,108.6304
MSFT,2024-04-08,120.3527
GOOGL,2024-04-08,118.1466
META,2024-04-08,139.817
AMZN,2024-04-08,135.8116
AMD,2024-04-08,145.2495
NVDA,2024-04-09,114.3029
AAPL,2024-04-09,108.6739
MSFT,2024-04-09,120.4972
GOOGL,2024-04-09,118.182
META,2024-04-09,140.1106
AMZN,2024-04-09,135.961
AMD,2024-04-09,145.4673
NVDA,2024-04-10,114.5087
AAPL,2024-04-10,108.7174
MSFT,2024-04-10,120.6418
GOOGL,2024-04-10,118.2175
META,2024-04-10,140.4049
AMZN,2024-04-10,136.1105
AMD,2024-04-10,145.6856
NVDA,2024-04-11,114.7148
AAPL,2024-04-11,108.7609
MSFT,2024-04-11,120.7865
GOOGL,2024-04-11,118.2529
META,2024-04-11,140.6997
AMZN,2024-04-11,136.2602
AMD,2024-04-11,145.9041
NVDA,2024-04-12,114.9213
AAPL,2024-04-12,108.8044
MSFT,2024-04-12,120.9315
GOOGL,2024-04-12,118.2884
META,2024-04-12,140.9952
AMZN,2024-04-12,136.4101
AMD,2024-04-12,146.1229
NVDA,2024-04-15,115.2433
AAPL,2024-04-15,108.9567
MSFT,2024-04-15,121.1977
GOOGL,2024-04-15,118.4422
META,2024-04-15,141.4326
AMZN,2024-04-15,136.6967
AMD,2024-04-15,146.4885
NVDA,2024-04-16,115.4507
AAPL,2024-04-16,109.0003
MSFT,2024-04-16,121.3431
GOOGL,2024-04-16,118.4778
META,2024-04-16,141.7296
AMZN,2024-04-16,136.8471
AMD,2024-04-16,146.7082
NVDA,2024-04-17,115.6585
AAPL,2024-04-17,109.0439
MSFT,2024-04-17,121.4887
GOOGL,2024-04-17,118.5133
META,2024-04-17,142.0272
AMZN,2024-04-17,136.9976
AMD,2024-04-17,146.9283
NVDA,2024-04-18,115.8667
AAPL,2024-04-18,109.0875
MSFT,2024-04-18,121.6345
GOOGL,2024-04-18,118.5489
META,2024-04-18,142.3255
AMZN,2024-04-18,137.1483
AMD,2024-04-18,147.1486
NVDA,2024-04-19,116.0753
AAPL,2024-04-19,109.1312
MSFT,2024-04-19,121.7805
GOOGL,2024-04-19,118.5844
META,2024-04-19,142.6244
AMZN,2024-04-19,137.2992
AMD,2024-04-19,147.3694
NVDA,2024-04-22,116.2842
AAPL,2024-04-22,109.1748
MSFT,2024-04-22,121.9266
GOOGL,2024-04-22,118.62
META,2024-04-22,142.9239
AMZN,2024-04-22,137.4502
AMD,2024-04-22,147.5904
NVDA,2024-04-23,116.4935
AAPL,2024-04-23,109.2185
MSFT,2024-04-23,122.0729
GOOGL,2024-04-23,118.6556
META,2024-04-23,143.224
AMZN,2024-04-23,137.6014
AMD,2024-04-23,147.8118
NVDA,2024-04-24,116.7032
AAPL,2024-04-24,109.2622
MSFT,2024-04-24,122.2194
GOOGL,2024-04-24,118.6912
META,2024-04-24,143.5248
AMZN,2024-04-24,137.7528
AMD,2024-04-24,148.0335
NVDA,2024-04-25,116.9133
AAPL,2024-04-25,109.3059
MSFT,2024-04-25,122.3661
GOOGL,2024-04-25,118.7268
META,2024-04-25,143.8262
AMZN,2024-04-25,137.9043
AMD,2024-04-25,148.2556
NVDA,2024-04-26,117.1237
AAPL,2024-04-26,109.3496
MSFT,2024-04-26,122.5129
GOOGL,2024-04-26,118.7624
META,2024-04-26,144.1282
AMZN,2024-04-26,138.056
AMD,2024-04-26,148.478
NVDA,2024-04-29,117.3345
AAPL,2024-04-29,109.3933
MSFT,2024-04-29,122.6599
GOOGL,2024-04-29,118.798
META,2024-04-29,144.4309
AMZN,2024-04-29,138.2079
AMD,2024-04-29,148.7007
NVDA,2024-04-30,117.5457
AAPL,2024-04-30,109.4371
MSFT,2024-04-30,122.8071
GOOGL,2024-04-30,118.8337
META,2024-04-30,144.7342
AMZN,2024-04-30,138.3599
AMD,2024-04-30,148.9237
NVDA,2024-05-01,117.8751
AAPL,2024-05-01,109.5904
MSFT,2024-05-01,123.0774
GOOGL,2024-05-01,118.9882
META,2024-05-01,145.1832
AMZN,2024-05-01,138.6506
AMD,2024-05-01,149.2963
NVDA,2024-05-02,118.0873
AAPL,2024-05-02,109.6342
MSFT,2024-05-02,123.2251
GOOGL,2024-05-02,119.0239
META,2024-05-02,145.4881
AMZN,2024-05-02,138.8031
AMD,2024-05-02,149.5202
NVDA,2024-05-03,118.2998
AAPL,2024-05-03,109.678
MSFT,2024-05-03,123.373
GOOGL,2024-05-03,119.0596
META,2024-05-03,145.7936
AMZN,2024-05-03,138.9558
AMD,2024-05-03,149.7445
NVDA,2024-05-06,118.5128
AAPL,2024-05-06,109.7219
MSFT,2024-05-06,123.5211
GOOGL,2024-05-06,119.0953
META,2024-05-06,146.0997
AMZN,2024-05-06,139.1087
AMD,2024-05-06,149.9691
NVDA,2024-05-07,118.7261
AAPL,2024-05-07,109.7658
MSFT,2024-05-07,123.6693
GOOGL,2024-05-07,119.131
META,2024-05-07,146.4066
AMZN,2024-05-07,139.2617
AMD,2024-05-07,150.1941
NVDA,2024-05-08,118.9398
AAPL,2024-05-08,109.8097
MSFT,2024-05-08,123.8177
GOOGL,2024-05-08,119.1668
META,2024-05-08,146.714
AMZN,2024-05-08,139.4149
AMD,2024-05-08,150.4193
NVDA,2024-05-09,119.1539
AAPL,2024-05-09,109.8536
MSFT,2024-05-09,123.9663
GOOGL,2024-05-09,119.2025
META,2024-05-09,147.0221
AMZN,2024-05-09,139.5682
AMD,2024-05-09,150.645
NVDA,2024-05-10,119.3684
AAPL,2024-05-10,109.8976
MSFT,2024-05-10,124.115
GOOGL,2024-05-10,119.2383
META,2024-05-10,147.3309
AMZN,2024-05-10,139.7217
AMD,2024-05-10,150.8709
NVDA,2024-05-13,119.5832
AAPL,2024-05-13,109.9415
MSFT,2024-05-13,124.264
GOOGL,2024-05-13,119.2741
META,2024-05-13,147.6402
AMZN,2024-05-13,139.8754
AMD,2024-05-13,151.0973
NVDA,2024-05-14,119.7985
AAPL,2024-05-14,109.9855
MSFT,2024-05-14,124.4131
GOOGL,2024-05-14,119.3098
META,2024-05-14,147.9503
AMZN,2024-05-14,140.0293
AMD,2024-05-14,151.3239
NVDA,2024-05-15,120.1341
AAPL,2024-05-15,110.1395
MSFT,2024-05-15,124.6869
GOOGL,2024-05-15,119.465
META,2024-05-15,148.4092
AMZN,2024-05-15,140.3235
AMD,2024-05-15,151.7024
NVDA,2024-05-16,120.3504
AAPL,2024-05-16,110.1836
MSFT,2024-05-16,124.8366
GOOGL,2024-05-16,119.5008
META,2024-05-16,148.7209
AMZN,2024-05-16,140.4779
AMD,2024-05-16,151.93
NVDA,2024-05-17,120.567
AAPL,2024-05-17,110.2277
MSFT,2024-05-17,124.9864
GOOGL,2024-05-17,119.5367
META,2024-05-17,149.0332
AMZN,2024-05-17,140.6324
AMD,2024-05-17,152.1579
NVDA,2024-05-20,120.784
AAPL,2024-05-20,110.2718
MSFT,2024-05-20,125.1363
GOOGL,2024-05-20,119.5725
META,2024-05-20,149.3462
AMZN,2024-05-20,140.7871
AMD,2024-05-20,152.3861
NVDA,2024-05-21,121.0014
AAPL,2024-05-21,110.3159
MSFT,2024-05-21,125.2865
GOOGL,2024-05-21,119.6084
META,2024-05-21,149.6598
AMZN,2024-05-21,140.942
AMD,2024-05-21,152.6147
NVDA,2024-05-22,121.2192
AAPL,2024-05-22,110.36
MSFT,2024-05-22,125.4369
GOOGL,2024-05-22,119.6443
META,2024-05-22,149.9741
AMZN,2024-05-22,141.097
AMD,2024-05-22,152.8436
NVDA,2024-05-23,121.4374
AAPL,2024-05-23,110.4041
MSFT,2024-05-23,125.5874
GOOGL,2024-05-23,119.6802
META,2024-05-23,150.2891
AMZN,2024-05-23,141.2522
AMD,2024-05-23,153.0729
NVDA,2024-05-24,121.656
AAPL,2024-05-24,110.4483
MSFT,2024-05-24,125.7381
GOOGL,2024-05-24,119.7161
META,2024-05-24,150.6047
AMZN,2024-05-24,141.4076
AMD,2024-05-24,153.3025
NVDA,2024-05-27,121.875
AAPL,2024-05-27,110.4925
MSFT,2024-05-27,125.889
GOOGL,2024-05-27,119.752
META,2024-05-27,150.9209
AMZN,2024-05-27,141.5631
AMD,2024-05-27,153.5325
NVDA,2024-05-28,122.0944
AAPL,2024-05-28,110.5367
MSFT,2024-05-28,126.04
GOOGL,2024-05-28,119.7879
META,2024-05-28,151.2379
AMZN,2024-05-28,141.7188
AMD,2024-05-28,153.7627
NVDA,2024-05-29,122.3141
AAPL,2024-05-29,110.5809
MSFT,2024-05-29,126.1913
GOOGL,2024-05-29,119.8239
META,2024-05-29,151.5555
AMZN,2024-05-29,141.8747
AMD,2024-05-29,153.9934
NVDA,2024-05-30,122.5343
AAPL,2024-05-30,110.6251
MSFT,2024-05-30,126.3427
GOOGL,2024-05-30,119.8598
META,2024-05-30,151.8737
AMZN,2024-05-30,142.0308
AMD,2024-05-30,154.2244
NVDA,2024-05-31,122.7549
AAPL,2024-05-31,110.6694
MSFT,2024-05-31,126.4943
GOOGL,2024-05-31,119.8958
META,2024-05-31,152.1927
AMZN,2024-05-31,142.187
AMD,2024-05-31,154.4557
NVDA,2024-06-03,122.9758
AAPL,2024-06-03,110.7136
MSFT,2024-06-03,126.6461
GOOGL,2024-06-03,119.9317
META,2024-06-03,152.5123
AMZN,2024-06-03,142.3434
AMD,2024-06-03,154.6874
NVDA,2024-06-04,123.1972
AAPL,2024-06-04,110.7579
MSFT,2024-06-04,126.7981
GOOGL,2024-06-04,119.9677
META,2024-06-04,152.8325
AMZN,2024-06-04,142.5
AMD,2024-06-04,154.9194
NVDA,2024-06-05,123.4189
AAPL,2024-06-05,110.8022
MSFT,2024-06-05,126.9503
GOOGL,2024-06-05,120.0037
META,2024-06-05,153.1535
AMZN,2024-06-05,142.6568
AMD,2024-06-05,155.1518
NVDA,2024-06-06,123.6411
AAPL,2024-06-06,110.8466
MSFT,2024-06-06,127.1026
GOOGL,2024-06-06,120.0397
META,2024-06-06,153.4751
AMZN,2024-06-06,142.8137
AMD,2024-06-06,155.3845
NVDA,2024-06-07,123.8636
AAPL,2024-06-07,110.8909
MSFT,2024-06-07,127.2551
GOOGL,2024-06-07,120.0757
META,2024-06-07,153.7974
AMZN,2024-06-07,142.9708
AMD,2024-06-07,155.6176
NVDA,2024-06-10,124.0866
AAPL,2024-06-10,110.9352
MSFT,2024-06-10,127.4078
GOOGL,2024-06-10,120.1117
META,2024-06-10,154.1204
AMZN,2024-06-10,143.1281
AMD,2024-06-10,155.851
NVDA,2024-06-11,124.3099
AAPL,2024-06-11,110.9796
MSFT,2024-06-11,127.5607
GOOGL,2024-06-11,120.1478
META,2024-06-11,154.444
AMZN,2024-06-11,143.2855
AMD,2024-06-11,156.0848
NVDA,2024-06-12,124.5337
AAPL,2024-06-12,111.024
MSFT,2024-06-12,127.7138
GOOGL,2024-06-12,120.1838
META,2024-06-12,154.7684
AMZN,2024-06-12,143.4431
AMD,2024-06-12,156.3189
NVDA,2024-06-13,124.7579
AAPL,2024-06-13,111.0684
MSFT,2024-06-13,127.867
GOOGL,2024-06-13,120.2199
META,2024-06-13,155.0934
AMZN,2024-06-13,143.6009
AMD,2024-06-13,156.5534
NVDA,2024-06-14,124.9824
AAPL,2024-06-14,111.1128
MSFT,2024-06-14,128.0205
GOOGL,2024-06-14,120.2559
META,2024-06-14,155.4191
AMZN,2024-06-14,143.7589
AMD,2024-06-14,156.7883
NVDA,2024-06-17,125.2074
AAPL,2024-06-17,111.1573
MSFT,2024-06-17,128.1741
GOOGL,2024-06-17,120.292
META,2024-06-17,155.7455
AMZN,2024-06-17,143.917
AMD,2024-06-17,157.0234
NVDA,2024-06-18,125.4328
AAPL,2024-06-18,111.2018
MSFT,2024-06-18,128.3279
GOOGL,2024-06-18,120.3281
META,2024-06-18,156.0725
AMZN,2024-06-18,144.0753
AMD,2024-06-18,157.259
NVDA,2024-06-19,125.6585
AAPL,2024-06-19,111.2462
MSFT,2024-06-19,128.4819
GOOGL,2024-06-19,120.3642
META,2024-06-19,156.4003
AMZN,2024-06-19,144.2338
AMD,2024-06-19,157.4949
NVDA,2024-06-20,125.8847
AAPL,2024-06-20,111.2907
MSFT,2024-06-20,128.6361
GOOGL,2024-06-20,120.4003
META,2024-06-20,156.7287
AMZN,2024-06-20,144.3924
AMD,2024-06-20,157.7311
NVDA,2024-06-21,126.1113
AAPL,2024-06-21,111.3353
MSFT,2024-06-21,128.7904
GOOGL,2024-06-21,120.4364
META,2024-06-21,157.0578
AMZN,2024-06-21,144.5513
AMD,2024-06-21,157.9677
NVDA,2024-06-24,126.3383
AAPL,2024-06-24,111.3798
MSFT,2024-06-24,128.945
GOOGL,2024-06-24,120.4726
META,2024-06-24,157.3877
AMZN,2024-06-24,144.7103
AMD,2024-06-24,158.2047
NVDA,2024-06-25,126.5657
AAPL,2024-06-25,111.4243
MSFT,2024-06-25,129.0997
GOOGL,2024-06-25,120.5087
META,2024-06-25,157.7182
AMZN,2024-06-25,144.8695
AMD,2024-06-25,158.442
NVDA,2024-06-26,126.7936
AAPL,2024-06-26,111.4689
MSFT,2024-06-26,129.2547
GOOGL,2024-06-26,120.5449
META,2024-06-26,158.0494
AMZN,2024-06-26,145.0288
AMD,2024-06-26,158.6796
NVDA,2024-06-27,127.0218
AAPL,2024-06-27,111.5135
MSFT,2024-06-27,129.4098
GOOGL,2024-06-27,120.581
META,2024-06-27,158.3813
AMZN,2024-06-27,145.1883
AMD,2024-06-27,158.9176
NVDA,2024-06-28,127.2504
AAPL,2024-06-28,111.5581
MSFT,2024-06-28,129.565
GOOGL,2024-06-28,120.6172
META,2024-06-28,158.7139
AMZN,2024-06-28,145.3481
AMD,2024-06-28,159.156
NVDA,2024-07-01,127.607
AAPL,2024-07-01,111.7143
MSFT,2024-07-01,129.8502
GOOGL,2024-07-01,120.774
META,2024-07-01,159.2062
AMZN,2024-07-01,145.6534
AMD,2024-07-01,159.5541
NVDA,2024-07-02,127.8366
AAPL,2024-07-02,111.759
MSFT,2024-07-02,130.0061
GOOGL,2024-07-02,120.8103
META,2024-07-02,159.5406
AMZN,2024-07-02,145.8137
AMD,2024-07-02,159.7935
NVDA,2024-07-03,128.0667
AAPL,2024-07-03,111.8037
MSFT,2024-07-03,130.1621
GOOGL,2024-07-03,120.8465
META,2024-07-03,159.8756
AMZN,2024-07-03,145.9741
AMD,2024-07-03,160.0332
NVDA,2024-07-04,128.2973
AAPL,2024-07-04,111.8484
MSFT,2024-07-04,130.3183
GOOGL,2024-07-04,120.8828
META,2024-07-04,160.2114
AMZN,2024-07-04,146.1346
AMD,2024-07-04,160.2732
NVDA,2024-07-05,128.5282
AAPL,2024-07-05,111.8932
MSFT,2024-07-05,130.4747
GOOGL,2024-07-05,120.919
META,2024-07-05,160.5478
AMZN,2024-07-05,146.2954
AMD,2024-07-05,160.5136
NVDA,2024-07-08,128.7596
AAPL,2024-07-08,111.9379
MSFT,2024-07-08,130.6312
GOOGL,2024-07-08,120.9553
META,2024-07-08,160.8849
AMZN,2024-07-08,146.4563
AMD,2024-07-08,160.7544
NVDA,2024-07-09,128.9913
AAPL,2024-07-09,111.9827
MSFT,2024-07-09,130.788
GOOGL,2024-07-09,120.9916
META,2024-07-09,161.2228
AMZN,2024-07-09,146.6174
AMD,2024-07-09,160.9955
NVDA,2024-07-10,129.2235
AAPL,2024-07-10,112.0275
MSFT,2024-07-10,130.9449
GOOGL,2024-07-10,121.0279
META,2024-07-10,161.5614
AMZN,2024-07-10,146.7787
AMD,2024-07-10,161.237
NVDA,2024-07-11,129.4561
AAPL,2024-07-11,112.0723
MSFT,2024-07-11,131.1021
GOOGL,2024-07-11,121.0642
META,2024-07-11,161.9007
AMZN,2024-07-11,146.9401
AMD,2024-07-11,161.4789
NVDA,2024-07-12,129.6891
AAPL,2024-07-12,112.1171
MSFT,2024-07-12,131.2594
GOOGL,2024-07-12,121.1005
META,2024-07-12,162.2406
AMZN,2024-07-12,147.1018
AMD,2024-07-12,161.7211
NVDA,2024-07-15,130.0525
AAPL,2024-07-15,112.2742
MSFT,2024-07-15,131.5483
GOOGL,2024-07-15,121.258
META,2024-07-15,162.7439
AMZN,2024-07-15,147.4109
AMD,2024-07-15,162.1256
NVDA,2024-07-16,130.2866
AAPL,2024-07-16,112.3191
MSFT,2024-07-16,131.7062
GOOGL,2024-07-16,121.2944
META,2024-07-16,163.0857
AMZN,2024-07-16,147.573
AMD,2024-07-16,162.3688
NVDA,2024-07-17,130.5211
AAPL,2024-07-17,112.364
MSFT,2024-07-17,131.8642
GOOGL,2024-07-17,121.3307
META,2024-07-17,163.4282
AMZN,2024-07-17,147.7353
AMD,2024-07-17,162.6124
NVDA,2024-07-18,130.756
AAPL,2024-07-18,112.4089
MSFT,2024-07-18,132.0225
GOOGL,2024-07-18,121.3671
META,2024-07-18,163.7714
AMZN,2024-07-18,147.8978
AMD,2024-07-18,162.8563
NVDA,2024-07-19,130.9914
AAPL,2024-07-19,112.4539
MSFT,2024-07-19,132.1809
GOOGL,2024-07-19,121.4036
META,2024-07-19,164.1153
AMZN,2024-07-19,148.0605
AMD,2024-07-19,163.1006
NVDA,2024-07-22,131.2272
AAPL,2024-07-22,112.4989
MSFT,2024-07-22,132.3395
GOOGL,2024-07-22,121.44
META,2024-07-22,164.4599
AMZN,2024-07-22,148.2234
AMD,2024-07-22,163.3452
NVDA,2024-07-23,131.4634
AAPL,2024-07-23,112.5439
MSFT,2024-07-23,132.4983
GOOGL,2024-07-23,121.4764
META,2024-07-23,164.8053
AMZN,2024-07-23,148.3864
AMD,2024-07-23,163.5903
NVDA,2024-07-24,131.7
AAPL,2024-07-24,112.5889
MSFT,2024-07-24,132.6573
GOOGL,2024-07-24,121.5128
META,2024-07-24,165.1514
AMZN,2024-07-24,148.5497
AMD,2024-07-24,163.8356
NVDA,2024-07-25,131.9371
AAPL,2024-07-25,112.6339
MSFT,2024-07-25,132.8165
GOOGL,2024-07-25,121.5493
META,2024-07-25,165.4982
AMZN,2024-07-25,148.7131
AMD,2024-07-25,164.0814
NVDA,2024-07-26,132.1746
AAPL,2024-07-26,112.679
MSFT,2024-07-26,132.9759
GOOGL,2024-07-26,121.5858
META,2024-07-26,165.8458
AMZN,2024-07-26,148.8767
AMD,2024-07-26,164.3275
NVDA,2024-07-29,132.4125
AAPL,2024-07-29,112.7241
MSFT,2024-07-29,133.1354
GOOGL,2024-07-29,121.6222
META,2024-07-29,166.194
AMZN,2024-07-29,149.0404
AMD,2024-07-29,164.574
NVDA,2024-07-30,132.6508
AAPL,2024-07-30,112.7691
MSFT,2024-07-30,133.2952
GOOGL,2024-07-30,121.6587
META,2024-07-30,166.543
AMZN,2024-07-30,149.2044
AMD,2024-07-30,164.8209
NVDA,2024-07-31,132.8896
AAPL,2024-07-31,112.8143
MSFT,2024-07-31,133.4552
GOOGL,2024-07-31,121.6952
META,2024-07-31,166.8928
AMZN,2024-07-31,149.3685
AMD,2024-07-31,165.0681
NVDA,2024-08-01,133.2619
AAPL,2024-08-01,112.9722
MSFT,2024-08-01,133.7489
GOOGL,2024-08-01,121.8535
META,2024-08-01,167.4105
AMZN,2024-08-01,149.6823
AMD,2024-08-01,165.481
NVDA,2024-08-02,133.5018
AAPL,2024-08-02,113.0174
MSFT,2024-08-02,133.9094
GOOGL,2024-08-02,121.89
META,2024-08-02,167.7621
AMZN,2024-08-02,149.847
AMD,2024-08-02,165.7292
NVDA,2024-08-05,133.7421
AAPL,2024-08-05,113.0626
MSFT,2024-08-05,134.0701
GOOGL,2024-08-05,121.9266
META,2024-08-05,168.1144
AMZN,2024-08-05,150.0118
AMD,2024-08-05,165.9778
NVDA,2024-08-06,133.9828
AAPL,2024-08-06,113.1079
MSFT,2024-08-06,134.231
GOOGL,2024-08-06,121.9632
META,2024-08-06,168.4674
AMZN,2024-08-06,150.1768
AMD,2024-08-06,166.2268
NVDA,2024-08-07,134.224
AAPL,2024-08-07,113.1531
MSFT,2024-08-07,134.3921
GOOGL,2024-08-07,121.9998
META,2024-08-07,168.8212
AMZN,2024-08-07,150.342
AMD,2024-08-07,166.4761
NVDA,2024-08-08,134.4656
AAPL,2024-08-08,113.1984
MSFT,2024-08-08,134.5533
GOOGL,2024-08-08,122.0364
META,2024-08-08,169.1757
AMZN,2024-08-08,150.5074
AMD,2024-08-08,166.7259
NVDA,2024-08-09,134.7077
AAPL,2024-08-09,113.2436
MSFT,2024-08-09,134.7148
GOOGL,2024-08-09,122.073
META,2024-08-09,169.531
AMZN,2024-08-09,150.673
AMD,2024-08-09,166.9759
NVDA,2024-08-12,134.9501
AAPL,2024-08-12,113.2889
MSFT,2024-08-12,134.8765
GOOGL,2024-08-12,122.1096
META,2024-08-12,169.887
AMZN,2024-08-12,150.8387
AMD,2024-08-12,167.2264
NVDA,2024-08-13,135.193
AAPL,2024-08-13,113.3343
MSFT,2024-08-13,135.0383
GOOGL,2024-08-13,122.1462
META,2024-08-13,170.2438
AMZN,2024-08-13,151.0046
AMD,2024-08-13,167.4772
NVDA,2024-08-14,135.4364
AAPL,2024-08-14,113.3796
MSFT,2024-08-14,135.2004
GOOGL,2024-08-14,122.1829
META,2024-08-14,170.6013
AMZN,2024-08-14,151.1707
AMD,2024-08-14,167.7285
NVDA,2024-08-15,135.8159
AAPL,2024-08-15,113.5384
MSFT,2024-08-15,135.498
GOOGL,2024-08-15,122.3417
META,2024-08-15,171.1305
AMZN,2024-08-15,151.4883
AMD,2024-08-15,168.148
NVDA,2024-08-16,136.0603
AAPL,2024-08-16,113.5838
MSFT,2024-08-16,135.6606
GOOGL,2024-08-16,122.3784
META,2024-08-16,171.4899
AMZN,2024-08-16,151.655
AMD,2024-08-16,168.4003
NVDA,2024-08-19,136.3052
AAPL,2024-08-19,113.6292
MSFT,2024-08-19,135.8234
GOOGL,2024-08-19,122.4152
META,2024-08-19,171.85
AMZN,2024-08-19,151.8218
AMD,2024-08-19,168.6529
NVDA,2024-08-20,136.5506
AAPL,2024-08-20,113.6747
MSFT,2024-08-20,135.9863
GOOGL,2024-08-20,122.4519
META,2024-08-20,172.2109
AMZN,2024-08-20,151.9888
AMD,2024-08-20,168.9058
NVDA,2024-08-21,136.7964
AAPL,2024-08-21,113.7201
MSFT,2024-08-21,136.1495
GOOGL,2024-08-21,122.4886
META,2024-08-21,172.5725
AMZN,2024-08-21,152.156
AMD,2024-08-21,169.1592
NVDA,2024-08-22,137.0426
AAPL,2024-08-22,113.7656
MSFT,2024-08-22,136.3129
GOOGL,2024-08-22,122.5254
META,2024-08-22,172.9349
AMZN,2024-08-22,152.3234
AMD,2024-08-22,169.4129
NVDA,2024-08-23,137.2893
AAPL,2024-08-23,113.8111
MSFT,2024-08-23,136.4765
GOOGL,2024-08-23,122.5621
META,2024-08-23,173.2981
AMZN,2024-08-23,152.4909
AMD,2024-08-23,169.6671
NVDA,2024-08-26,137.5364
AAPL,2024-08-26,113.8567
MSFT,2024-08-26,136.6403
GOOGL,2024-08-26,122.5989
META,2024-08-26,173.662
AMZN,2024-08-26,152.6587
AMD,2024-08-26,169.9216
NVDA,2024-08-27,137.784
AAPL,2024-08-27,113.9022
MSFT,2024-08-27,136.8042
GOOGL,2024-08-27,122.6357
META,2024-08-27,174.0267
AMZN,2024-08-27,152.8266
AMD,2024-08-27,170.1764
NVDA,2024-08-28,138.032
AAPL,2024-08-28,113.9478
MSFT,2024-08-28,136.9684
GOOGL,2024-08-28,122.6725
META,2024-08-28,174.3922
AMZN,2024-08-28,152.9947
AMD,2024-08-28,170.4317
NVDA,2024-08-29,138.2804
AAPL,2024-08-29,113.9933
MSFT,2024-08-29,137.1327
GOOGL,2024-08-29,122.7093
META,2024-08-29,174.7584
AMZN,2024-08-29,153.163
AMD,2024-08-29,170.6874
NVDA,2024-08-30,138.5293
AAPL,2024-08-30,114.0389
MSFT,2024-08-30,137.2973
GOOGL,2024-08-30,122.7461
META,2024-08-30,175.1254
AMZN,2024-08-30,153.3315
AMD,2024-08-30,170.9434
NVDA,2024-09-02,138.7787
AAPL,2024-09-02,114.0846
MSFT,2024-09-02,137.4621
GOOGL,2024-09-02,122.7829
META,2024-09-02,175.4931
AMZN,2024-09-02,153.5001
AMD,2024-09-02,171.1998
NVDA,2024-09-03,139.0285
AAPL,2024-09-03,114.1302
MSFT,2024-09-03,137.627
GOOGL,2024-09-03,122.8197
META,2024-09-03,175.8617
AMZN,2024-09-03,153.669
AMD,2024-09-03,171.4566
NVDA,2024-09-04,139.2787
AAPL,2024-09-04,114.1758
MSFT,2024-09-04,137.7922
GOOGL,2024-09-04,122.8566
META,2024-09-04,176.231
AMZN,2024-09-04,153.838
AMD,2024-09-04,171.7138
NVDA,2024-09-05,139.5294
AAPL,2024-09-05,114.2215
MSFT,2024-09-05,137.9575
GOOGL,2024-09-05,122.8934
META,2024-09-05,176.6011
AMZN,2024-09-05,154.0072
AMD,2024-09-05,171.9714
NVDA,2024-09-06,139.7806
AAPL,2024-09-06,114.2672
MSFT,2024-09-06,138.1231
GOOGL,2024-09-06,122.9303
META,2024-09-06,176.9719
AMZN,2024-09-06,154.1767
AMD,2024-09-06,172.2293
NVDA,2024-09-09,140.0322
AAPL,2024-09-09,114.3129
MSFT,2024-09-09,138.2888
GOOGL,2024-09-09,122.9672
META,2024-09-09,177.3436
AMZN,2024-09-09,154.3462
AMD,2024-09-09,172.4877
NVDA,2024-09-10,140.2843
AAPL,2024-09-10,114.3586
MSFT,2024-09-10,138.4548
GOOGL,2024-09-10,123.0041
META,2024-09-10,177.716
AMZN,2024-09-10,154.516
AMD,2024-09-10,172.7464
NVDA,2024-09-11,140.5368
AAPL,2024-09-11,114.4044
MSFT,2024-09-11,138.6209
GOOGL,2024-09-11,123.041
META,2024-09-11,178.0892
AMZN,2024-09-11,154.686
AMD,2024-09-11,173.0055
NVDA,2024-09-12,140.7897
AAPL,2024-09-12,114.4501
MSFT,2024-09-12,138.7873
GOOGL,2024-09-12,123.0779
META,2024-09-12,178.4632
AMZN,2024-09-12,154.8561
AMD,2024-09-12,173.265
NVDA,2024-09-13,141.0432
AAPL,2024-09-13,114.4959
MSFT,2024-09-13,138.9538
GOOGL,2024-09-13,123.1148
META,2024-09-13,178.838
AMZN,2024-09-13,155.0265
AMD,2024-09-13,173.5249
NVDA,2024-09-16,141.297
AAPL,2024-09-16,114.5417
MSFT,2024-09-16,139.1205
GOOGL,2024-09-16,123.1517
META,2024-09-16,179.2135
AMZN,2024-09-16,155.197
AMD,2024-09-16,173.7852
NVDA,2024-09-17,141.5514
AAPL,2024-09-17,114.5875
MSFT,2024-09-17,139.2875
GOOGL,2024-09-17,123.1887
META,2024-09-17,179.5899
AMZN,2024-09-17,155.3677
AMD,2024-09-17,174.0459
NVDA,2024-09-18,141.8062
AAPL,2024-09-18,114.6334
MSFT,2024-09-18,139.4546
GOOGL,2024-09-18,123.2256
META,2024-09-18,179.967
AMZN,2024-09-18,155.5386
AMD,2024-09-18,174.3069
NVDA,2024-09-19,142.0614
AAPL,2024-09-19,114.6792
MSFT,2024-09-19,139.622
GOOGL,2024-09-19,123.2626
META,2024-09-19,180.3449
AMZN,2024-09-19,155.7097
AMD,2024-09-19,174.5684
NVDA,2024-09-20,142.3171
AAPL,2024-09-20,114.7251
MSFT,2024-09-20,139.7895
GOOGL,2024-09-20,123.2996
META,2024-09-20,180.7237
AMZN,2024-09-20,155.881
AMD,2024-09-20,174.8303
NVDA,2024-09-23,142.5733
AAPL,2024-09-23,114.771
MSFT,2024-09-23,139.9573
GOOGL,2024-09-23,123.3366
META,2024-09-23,181.1032
AMZN,2024-09-23,156.0525
AMD,2024-09-23,175.0925
NVDA,2024-09-24,142.8299
AAPL,2024-09-24,114.8169
MSFT,2024-09-24,140.1252
GOOGL,2024-09-24,123.3736
META,2024-09-24,181.4835
AMZN,2024-09-24,156.2241
AMD,2024-09-24,175.3551
NVDA,2024-09-25,143.087
AAPL,2024-09-25,114.8628
MSFT,2024-09-25,140.2934
GOOGL,2024-09-25,123.4106
META,2024-09-25,181.8646
AMZN,2024-09-25,156.396
AMD,2024-09-25,175.6182
NVDA,2024-09-26,143.3446
AAPL,2024-09-26,114.9088
MSFT,2024-09-26,140.4617
GOOGL,2024-09-26,123.4476
META,2024-09-26,182.2465
AMZN,2024-09-26,156.568
AMD,2024-09-26,175.8816
NVDA,2024-09-27,143.6026
AAPL,2024-09-27,114.9547
MSFT,2024-09-27,140.6303
GOOGL,2024-09-27,123.4847
META,2024-09-27,182.6292
AMZN,2024-09-27,156.7402
AMD,2024-09-27,176.1454
NVDA,2024-09-30,143.8611
AAPL,2024-09-30,115.0007
MSFT,2024-09-30,140.799
GOOGL,2024-09-30,123.5217
META,2024-09-30,183.0128
AMZN,2024-09-30,156.9127
AMD,2024-09-30,176.4096
NVDA,2024-10-01,144.2642
AAPL,2024-10-01,115.1618
MSFT,2024-10-01,141.109
GOOGL,2024-10-01,123.6823
META,2024-10-01,183.5805
AMZN,2024-10-01,157.2424
AMD,2024-10-01,176.8509
NVDA,2024-10-02,144.5238
AAPL,2024-10-02,115.2078
MSFT,2024-10-02,141.2783
GOOGL,2024-10-02,123.7194
META,2024-10-02,183.966
AMZN,2024-10-02,157.4153
AMD,2024-10-02,177.1162
NVDA,2024-10-03,144.784
AAPL,2024-10-03,115.2539
MSFT,2024-10-03,141.4478
GOOGL,2024-10-03,123.7565
META,2024-10-03,184.3523
AMZN,2024-10-03,157.5885
AMD,2024-10-03,177.3819
NVDA,2024-10-04,145.0446
AAPL,2024-10-04,115.3
MSFT,2024-10-04,141.6176
GOOGL,2024-10-04,123.7937
META,2024-10-04,184.7395
AMZN,2024-10-04,157.7618
AMD,2024-10-04,177.648
NVDA,2024-10-07,145.3057
AAPL,2024-10-07,115.3461
MSFT,2024-10-07,141.7875
GOOGL,2024-10-07,123.8308
META,2024-10-07,185.1274
AMZN,2024-10-07,157.9354
AMD,2024-10-07,177.9144
NVDA,2024-10-08,145.5672
AAPL,2024-10-08,115.3923
MSFT,2024-10-08,141.9576
GOOGL,2024-10-08,123.868
META,2024-10-08,185.5162
AMZN,2024-10-08,158.1091
AMD,2024-10-08,178.1813
NVDA,2024-10-09,145.8292
AAPL,2024-10-09,115.4384
MSFT,2024-10-09,142.128
GOOGL,2024-10-09,123.9051
META,2024-10-09,185.9058
AMZN,2024-10-09,158.283
AMD,2024-10-09,178.4486
NVDA,2024-10-10,146.0917
AAPL,2024-10-10,115.4846
MSFT,2024-10-10,142.2986
GOOGL,2024-10-10,123.9423
META,2024-10-10,186.2962
AMZN,2024-10-10,158.4571
AMD,2024-10-10,178.7162
NVDA,2024-10-11,146.3547
AAPL,2024-10-11,115.5308
MSFT,2024-10-11,142.4693
GOOGL,2024-10-11,123.9795
META,2024-10-11,186.6874
AMZN,2024-10-11,158.6314
AMD,2024-10-11,178.9843
NVDA,2024-10-14,146.6181
AAPL,2024-10-14,115.577
MSFT,2024-10-14,142.6403
GOOGL,2024-10-14,124.0167
META,2024-10-14,187.0794
AMZN,2024-10-14,158.8059
AMD,2024-10-14,179.2528
NVDA,2024-10-15,147.0289
AAPL,2024-10-15,115.7389
MSFT,2024-10-15,142.9543
GOOGL,2024-10-15,124.1779
META,2024-10-15,187.6598
AMZN,2024-10-15,159.1396
AMD,2024-10-15,179.7012
NVDA,2024-10-16,147.2936
AAPL,2024-10-16,115.7851
MSFT,2024-10-16,143.1258
GOOGL,2024-10-16,124.2152
META,2024-10-16,188.0539
AMZN,2024-10-16,159.3146
AMD,2024-10-16,179.9707
NVDA,2024-10-17,147.5587
AAPL,2024-10-17,115.8315
MSFT,2024-10-17,143.2975
GOOGL,2024-10-17,124.2524
META,2024-10-17,188.4488
AMZN,2024-10-17,159.4899
AMD,2024-10-17,180.2407
NVDA,2024-10-18,147.8243
AAPL,2024-10-18,115.8778
MSFT,2024-10-18,143.4695
GOOGL,2024-10-18,124.2897
META,2024-10-18,188.8445
AMZN,2024-10-18,159.6653
AMD,2024-10-18,180.5111
NVDA,2024-10-21,148.0904
AAPL,2024-10-21,115.9241
MSFT,2024-10-21,143.6417
GOOGL,2024-10-21,124.327
META,2024-10-21,189.2411
AMZN,2024-10-21,159.841
AMD,2024-10-21,180.7818
NVDA,2024-10-22,148.357
AAPL,2024-10-22,115.9705
MSFT,2024-10-22,143.814
GOOGL,2024-10-22,124.3643
META,2024-10-22,189.6385
AMZN,2024-10-22,160.0168
AMD,2024-10-22,181.053
NVDA,2024-10-23,148.624
AAPL,2024-10-23,116.0169
MSFT,2024-10-23,143.9866
GOOGL,2024-10-23,124.4016
META,2024-10-23,190.0367
AMZN,2024-10-23,160.1928
AMD,2024-10-23,181.3246
NVDA,2024-10-24,148.8915
AAPL,2024-10-24,116.0633
MSFT,2024-10-24,144.1594
GOOGL,2024-10-24,124.4389
META,2024-10-24,190.4358
AMZN,2024-10-24,160.369
AMD,2024-10-24,181.5966
NVDA,2024-10-25,149.1595
AAPL,2024-10-25,116.1097
MSFT,2024-10-25,144.3324
GOOGL,2024-10-25,124.4763
META,2024-10-25,190.8357
AMZN,2024-10-25,160.5454
AMD,2024-10-25,181.869
NVDA,2024-10-28,149.428
AAPL,2024-10-28,116.1562
MSFT,2024-10-28,144.5056
GOOGL,2024-10-28,124.5136
META,2024-10-28,191.2365
AMZN,2024-10-28,160.722
AMD,2024-10-28,182.1418
NVDA,2024-10-29,149.697
AAPL,2024-10-29,116.2026
MSFT,2024-10-29,144.679
GOOGL,2024-10-29,124.551
META,2024-10-29,191.6381
AMZN,2024-10-29,160.8988
AMD,2024-10-29,182.415
NVDA,2024-10-30,149.9664
AAPL,2024-10-30,116.2491
MSFT,2024-10-30,144.8526
GOOGL,2024-10-30,124.5883
META,2024-10-30,192.0405
AMZN,2024-10-30,161.0758
AMD,2024-10-30,182.6886
NVDA,2024-10-31,150.2364
AAPL,2024-10-31,116.2956
MSFT,2024-10-31,145.0264
GOOGL,2024-10-31,124.6257
META,2024-10-31,192.4438
AMZN,2024-10-31,161.253
AMD,2024-10-31,182.9626
NVDA,2024-11-01,150.6573
AAPL,2024-11-01,116.4585
MSFT,2024-11-01,145.3457
GOOGL,2024-11-01,124.7877
META,2024-11-01,193.0408
AMZN,2024-11-01,161.5918
AMD,2024-11-01,183.4203
NVDA,2024-11-04,150.9285
AAPL,2024-11-04,116.5051
MSFT,2024-11-04,145.5201
GOOGL,2024-11-04,124.8252
META,2024-11-04,193.4462
AMZN,2024-11-04,161.7695
AMD,2024-11-04,183.6954
NVDA,2024-11-05,151.2002
AAPL,2024-11-05,116.5517
MSFT,2024-11-05,145.6947
GOOGL,2024-11-05,124.8626
META,2024-11-05,193.8524
AMZN,2024-11-05,161.9475
AMD,2024-11-05,183.971
NVDA,2024-11-06,151.4723
AAPL,2024-11-06,116.5983
MSFT,2024-11-06,145.8695
GOOGL,2024-11-06,124.9001
META,2024-11-06,194.2595
AMZN,2024-11-06,162.1256
AMD,2024-11-06,184.2469
NVDA,2024-11-07,151.745
AAPL,2024-11-07,116.6449
MSFT,2024-11-07,146.0446
GOOGL,2024-11-07,124.9376
META,2024-11-07,194.6675
AMZN,2024-11-07,162.304
AMD,2024-11-07,184.5233
NVDA,2024-11-08,152.0181
AAPL,2024-11-08,116.6916
MSFT,2024-11-08,146.2198
GOOGL,2024-11-08,124.975
META,2024-11-08,195.0763
AMZN,2024-11-08,162.4825
AMD,2024-11-08,184.8001
NVDA,2024-11-11,152.2918
AAPL,2024-11-11,116.7383
MSFT,2024-11-11,146.3953
GOOGL,2024-11-11,125.0125
META,2024-11-11,195.4859
AMZN,2024-11-11,162.6612
AMD,2024-11-11,185.0773
NVDA,2024-11-12,152.5659
AAPL,2024-11-12,116.785
MSFT,2024-11-12,146.571
GOOGL,2024-11-12,125.05
META,2024-11-12,195.8964
AMZN,2024-11-12,162.8402
AMD,2024-11-12,185.3549
NVDA,2024-11-13,152.8405
AAPL,2024-11-13,116.8317
MSFT,2024-11-13,146.7469
GOOGL,2024-11-13,125.0876
META,2024-11-13,196.3078
AMZN,2024-11-13,163.0193
AMD,2024-11-13,185.6329
NVDA,2024-11-14,153.1156
AAPL,2024-11-14,116.8784
MSFT,2024-11-14,146.923
GOOGL,2024-11-14,125.1251
META,2024-11-14,196.7201
AMZN,2024-11-14,163.1986
AMD,2024-11-14,185.9114
NVDA,2024-11-15,153.5446
AAPL,2024-11-15,117.0421
MSFT,2024-11-15,147.2464
GOOGL,2024-11-15,125.2878
META,2024-11-15,197.3303
AMZN,2024-11-15,163.5415
AMD,2024-11-15,186.3765
NVDA,2024-11-18,153.821
AAPL,2024-11-18,117.0889
MSFT,2024-11-18,147.4231
GOOGL,2024-11-18,125.3254
META,2024-11-18,197.7447
AMZN,2024-11-18,163.7214
AMD,2024-11-18,186.656
NVDA,2024-11-19,154.0979
AAPL,2024-11-19,117.1357
MSFT,2024-11-19,147.6
GOOGL,2024-11-19,125.363
META,2024-11-19,198.16
AMZN,2024-11-19,163.9015
AMD,2024-11-19,186.936
NVDA,2024-11-20,154.3752
AAPL,2024-11-20,117.1826
MSFT,2024-11-20,147.7771
GOOGL,2024-11-20,125.4006
META,2024-11-20,198.5761
AMZN,2024-11-20,164.0818
AMD,2024-11-20,187.2164
NVDA,2024-11-21,154.6531
AAPL,2024-11-21,117.2295
MSFT,2024-11-21,147.9544
GOOGL,2024-11-21,125.4382
META,2024-11-21,198.9931
AMZN,2024-11-21,164.2623
AMD,2024-11-21,187.4972
NVDA,2024-11-22,154.9315
AAPL,2024-11-22,117.2764
MSFT,2024-11-22,148.132
GOOGL,2024-11-22,125.4758
META,2024-11-22,199.411
AMZN,2024-11-22,164.443
AMD,2024-11-22,187.7785
NVDA,2024-11-25,155.2104
AAPL,2024-11-25,117.3233
MSFT,2024-11-25,148.3097
GOOGL,2024-11-25,125.5135
META,2024-11-25,199.8298
AMZN,2024-11-25,164.6238
AMD,2024-11-25,188.0601
NVDA,2024-11-26,155.4898
AAPL,2024-11-26,117.3702
MSFT,2024-11-26,148.4877
GOOGL,2024-11-26,125.5511
META,2024-11-26,200.2494
AMZN,2024-11-26,164.8049
AMD,2024-11-26,188.3422
NVDA,2024-11-27,155.7696
AAPL,2024-11-27,117.4171
MSFT,2024-11-27,148.6659
GOOGL,2024-11-27,125.5888
META,2024-11-27,200.6699
AMZN,2024-11-27,164.9862
AMD,2024-11-27,188.6248
NVDA,2024-11-28,156.05
AAPL,2024-11-28,117.4641
MSFT,2024-11-28,148.8443
GOOGL,2024-11-28,125.6265
META,2024-11-28,201.0913
AMZN,2024-11-28,165.1677
AMD,2024-11-28,188.9077
NVDA,2024-11-29,156.3309
AAPL,2024-11-29,117.5111
MSFT,2024-11-29,149.0229
GOOGL,2024-11-29,125.6642
META,2024-11-29,201.5136
AMZN,2024-11-29,165.3494
AMD,2024-11-29,189.191
NVDA,2024-12-02,156.6123
AAPL,2024-12-02,117.5581
MSFT,2024-12-02,149.2017
GOOGL,2024-12-02,125.7019
META,2024-12-02,201.9368
AMZN,2024-12-02,165.5313
AMD,2024-12-02,189.4748
NVDA,2024-12-03,156.8942
AAPL,2024-12-03,117.6051
MSFT,2024-12-03,149.3808
GOOGL,2024-12-03,125.7396
META,2024-12-03,202.3609
AMZN,2024-12-03,165.7134
AMD,2024-12-03,189.759
NVDA,2024-12-04,157.1766
AAPL,2024-12-04,117.6522
MSFT,2024-12-04,149.56
GOOGL,2024-12-04,125.7773
META,2024-12-04,202.7858
AMZN,2024-12-04,165.8956
AMD,2024-12-04,190.0437
NVDA,2024-12-05,157.4595
AAPL,2024-12-05,117.6992
MSFT,2024-12-05,149.7395
GOOGL,2024-12-05,125.815
META,2024-12-05,203.2117
AMZN,2024-12-05,166.0781
AMD,2024-12-05,190.3288
NVDA,2024-12-06,157.743
AAPL,2024-12-06,117.7463
MSFT,2024-12-06,149.9192
GOOGL,2024-12-06,125.8528
META,2024-12-06,203.6384
AMZN,2024-12-06,166.2608
AMD,2024-12-06,190.6142
NVDA,2024-12-09,158.0269
AAPL,2024-12-09,117.7934
MSFT,2024-12-09,150.0991
GOOGL,2024-12-09,125.8905
META,2024-12-09,204.0661
AMZN,2024-12-09,166.4437
AMD,2024-12-09,190.9002
NVDA,2024-12-10,158.3113
AAPL,2024-12-10,117.8405
MSFT,2024-12-10,150.2792
GOOGL,2024-12-10,125.9283
META,2024-12-10,204.4946
AMZN,2024-12-10,166.6268
AMD,2024-12-10,191.1865
NVDA,2024-12-11,158.5963
AAPL,2024-12-11,117.8877
MSFT,2024-12-11,150.4595
GOOGL,2024-12-11,125.9661
META,2024-12-11,204.924
AMZN,2024-12-11,166.8101
AMD,2024-12-11,191.4733
NVDA,2024-12-12,158.8818
AAPL,2024-12-12,117.9348
MSFT,2024-12-12,150.6401
GOOGL,2024-12-12,126.0039
META,2024-12-12,205.3544
AMZN,2024-12-12,166.9936
AMD,2024-12-12,191.7605
NVDA,2024-12-13,159.1678
AAPL,2024-12-13,117.982
MSFT,2024-12-13,150.8209
GOOGL,2024-12-13,126.0417
META,2024-12-13,205.7856
AMZN,2024-12-13,167.1773
AMD,2024-12-13,192.0481
NVDA,2024-12-16,159.4543
AAPL,2024-12-16,118.0292
MSFT,2024-12-16,151.0018
GOOGL,2024-12-16,126.0795
META,2024-12-16,206.2178
AMZN,2024-12-16,167.3612
AMD,2024-12-16,192.3362
NVDA,2024-12-17,159.7413
AAPL,2024-12-17,118.0764
MSFT,2024-12-17,151.183
GOOGL,2024-12-17,126.1173
META,2024-12-17,206.6508
AMZN,2024-12-17,167.5453
AMD,2024-12-17,192.6247
NVDA,2024-12-18,160.0288
AAPL,2024-12-18,118.1236
MSFT,2024-12-18,151.3645
GOOGL,2024-12-18,126.1551
META,2024-12-18,207.0848
AMZN,2024-12-18,167.7296
AMD,2024-12-18,192.9137
NVDA,2024-12-19,160.3169
AAPL,2024-12-19,118.1709
MSFT,2024-12-19,151.5461
GOOGL,2024-12-19,126.193
META,2024-12-19,207.5197
AMZN,2024-12-19,167.9141
AMD,2024-12-19,193.203
NVDA,2024-12-20,160.6054
AAPL,2024-12-20,118.2181
MSFT,2024-12-20,151.728
GOOGL,2024-12-20,126.2308
META,2024-12-20,207.9555
AMZN,2024-12-20,168.0988
AMD,2024-12-20,193.4928
NVDA,2024-12-23,160.8945
AAPL,2024-12-23,118.2654
MSFT,2024-12-23,151.91
GOOGL,2024-12-23,126.2687
META,2024-12-23,208.3922
AMZN,2024-12-23,168.2837
AMD,2024-12-23,193.7831
NVDA,2024-12-24,161.1841
AAPL,2024-12-24,118.3127
MSFT,2024-12-24,152.0923
GOOGL,2024-12-24,126.3066
META,2024-12-24,208.8298
AMZN,2024-12-24,168.4688
AMD,2024-12-24,194.0738
NVDA,2024-12-25,161.4743
AAPL,2024-12-25,118.3601
MSFT,2024-12-25,152.2748
GOOGL,2024-12-25,126.3445
META,2024-12-25,209.2683
AMZN,2024-12-25,168.6541
AMD,2024-12-25,194.3649
NVDA,2024-12-26,161.7649
AAPL,2024-12-26,118.4074
MSFT,2024-12-26,152.4576
GOOGL,2024-12-26,126.3824
META,2024-12-26,209.7078
AMZN,2024-12-26,168.8396
AMD,2024-12-26,194.6564
NVDA,2024-12-27,162.0561
AAPL,2024-12-27,118.4548
MSFT,2024-12-27,152.6405
GOOGL,2024-12-27,126.4203
META,2024-12-27,210.1482
AMZN,2024-12-27,169.0253
AMD,2024-12-27,194.9484
NVDA,2024-12-30,162.3478
AAPL,2024-12-30,118.5021
MSFT,2024-12-30,152.8237
GOOGL,2024-12-30,126.4582
META,2024-12-30,210.5895
AMZN,2024-12-30,169.2113
AMD,2024-12-30,195.2408
NVDA,2024-12-31,162.64
AAPL,2024-12-31,118.5495
MSFT,2024-12-31,153.0071
GOOGL,2024-12-31,126.4962
META,2024-12-31,211.0317
AMZN,2024-12-31,169.3974
AMD,2024-12-31,195.5337
NVDA,2025-01-01,163.0957
AAPL,2025-01-01,118.7156
MSFT,2025-01-01,153.3439
GOOGL,2025-01-01,126.6606
META,2025-01-01,211.6864
AMZN,2025-01-01,169.7533
AMD,2025-01-01,196.0228
NVDA,2025-01-02,163.3893
AAPL,2025-01-02,118.763
MSFT,2025-01-02,153.5279
GOOGL,2025-01-02,126.6986
META,2025-01-02,212.1309
AMZN,2025-01-02,169.9401
AMD,2025-01-02,196.3168
NVDA,2025-01-03,163.6834
AAPL,2025-01-03,118.8106
MSFT,2025-01-03,153.7121
GOOGL,2025-01-03,126.7366
META,2025-01-03,212.5764
AMZN,2025-01-03,170.127
AMD,2025-01-03,196.6113
NVDA,2025-01-06,163.978
AAPL,2025-01-06,118.8581
MSFT,2025-01-06,153.8966
GOOGL,2025-01-06,126.7747
META,2025-01-06,213.0228
AMZN,2025-01-06,170.3141
AMD,2025-01-06,196.9062
NVDA,2025-01-07,164.2732
AAPL,2025-01-07,118.9056
MSFT,2025-01-07,154.0812
GOOGL,2025-01-07,126.8127
META,2025-01-07,213.4702
AMZN,2025-01-07,170.5015
AMD,2025-01-07,197.2016
NVDA,2025-01-08,164.5689
AAPL,2025-01-08,118.9532
MSFT,2025-01-08,154.2661
GOOGL,2025-01-08,126.8507
META,2025-01-08,213.9184
AMZN,2025-01-08,170.689
AMD,2025-01-08,197.4974
NVDA,2025-01-09,164.8651
AAPL,2025-01-09,119.0008
MSFT,2025-01-09,154.4513
GOOGL,2025-01-09,126.8888
META,2025-01-09,214.3677
AMZN,2025-01-09,170.8768
AMD,2025-01-09,197.7936
NVDA,2025-01-10,165.1619
AAPL,2025-01-10,119.0484
MSFT,2025-01-10,154.6366
GOOGL,2025-01-10,126.9269
META,2025-01-10,214.8178
AMZN,2025-01-10,171.0647
AMD,2025-01-10,198.0903
NVDA,2025-01-13,165.4591
AAPL,2025-01-13,119.096
MSFT,2025-01-13,154.8222
GOOGL,2025-01-13,126.9649
META,2025-01-13,215.269
AMZN,2025-01-13,171.2529
AMD,2025-01-13,198.3875
NVDA,2025-01-14,165.757
AAPL,2025-01-14,119.1436
MSFT,2025-01-14,155.008
GOOGL,2025-01-14,127.003
META,2025-01-14,215.721
AMZN,2025-01-14,171.4413
AMD,2025-01-14,198.685
NVDA,2025-01-15,166.2214
AAPL,2025-01-15,119.3105
MSFT,2025-01-15,155.3492
GOOGL,2025-01-15,127.1682
META,2025-01-15,216.3902
AMZN,2025-01-15,171.8015
AMD,2025-01-15,199.1821
NVDA,2025-01-16,166.5206
AAPL,2025-01-16,119.3582
MSFT,2025-01-16,155.5356
GOOGL,2025-01-16,127.2063
META,2025-01-16,216.8446
AMZN,2025-01-16,171.9905
AMD,2025-01-16,199.4808
NVDA,2025-01-17,166.8203
AAPL,2025-01-17,119.4059
MSFT,2025-01-17,155.7222
GOOGL,2025-01-17,127.2445
META,2025-01-17,217.3
AMZN,2025-01-17,172.1797
AMD,2025-01-17,199.7801
NVDA,2025-01-20,167.1206
AAPL,2025-01-20,119.4537
MSFT,2025-01-20,155.9091
GOOGL,2025-01-20,127.2827
META,2025-01-20,217.7563
AMZN,2025-01-20,172.3691
AMD,2025-01-20,200.0797
NVDA,2025-01-21,167.4214
AAPL,2025-01-21,119.5015
MSFT,2025-01-21,156.0962
GOOGL,2025-01-21,127.3208
META,2025-01-21,218.2136
AMZN,2025-01-21,172.5587
AMD,2025-01-21,200.3798
NVDA,2025-01-22,167.7228
AAPL,2025-01-22,119.5493
MSFT,2025-01-22,156.2835
GOOGL,2025-01-22,127.359
META,2025-01-22,218.6719
AMZN,2025-01-22,172.7485
AMD,2025-01-22,200.6804
NVDA,2025-01-23,168.0247
AAPL,2025-01-23,119.5971
MSFT,2025-01-23,156.471
GOOGL,2025-01-23,127.3972
META,2025-01-23,219.1311
AMZN,2025-01-23,172.9385
AMD,2025-01-23,200.9814
NVDA,2025-01-24,168.3271
AAPL,2025-01-24,119.6449
MSFT,2025-01-24,156.6588
GOOGL,2025-01-24,127.4355
META,2025-01-24,219.5913
AMZN,2025-01-24,173.1288
AMD,2025-01-24,201.2829
NVDA,2025-01-27,168.6301
AAPL,2025-01-27,119.6928
MSFT,2025-01-27,156.8468
GOOGL,2025-01-27,127.4737
META,2025-01-27,220.0524
AMZN,2025-01-27,173.3192
AMD,2025-01-27,201.5848
NVDA,2025-01-28,168.9336
AAPL,2025-01-28,119.7407
MSFT,2025-01-28,157.035
GOOGL,2025-01-28,127.5119
META,2025-01-28,220.5145
AMZN,2025-01-28,173.5098
AMD,2025-01-28,201.8872
NVDA,2025-01-29,169.2377
AAPL,2025-01-29,119.7886
MSFT,2025-01-29,157.2234
GOOGL,2025-01-29,127.5502
META,2025-01-29,220.9776
AMZN,2025-01-29,173.7007
AMD,2025-01-29,202.19
NVDA,2025-01-30,169.5424
AAPL,2025-01-30,119.8365
MSFT,2025-01-30,157.4121
GOOGL,2025-01-30,127.5885
META,2025-01-30,221.4416
AMZN,2025-01-30,173.8918
AMD,2025-01-30,202.4933
NVDA,2025-01-31,169.8475
AAPL,2025-01-31,119.8844
MSFT,2025-01-31,157.601
GOOGL,2025-01-31,127.6267
META,2025-01-31,221.9067
AMZN,2025-01-31,174.0831
AMD,2025-01-31,202.7971
NVDA,2025-02-03,170.1533
AAPL,2025-02-03,119.9324
MSFT,2025-02-03,157.7901
GOOGL,2025-02-03,127.665
META,2025-02-03,222.3727
AMZN,2025-02-03,174.2746
AMD,2025-02-03,203.1013
NVDA,2025-02-04,170.4595
AAPL,2025-02-04,119.9804
MSFT,2025-02-04,157.9795
GOOGL,2025-02-04,127.7033
META,2025-02-04,222.8397
AMZN,2025-02-04,174.4663
AMD,2025-02-04,203.4059
NVDA,2025-02-05,170.7664
AAPL,2025-02-05,120.0283
MSFT,2025-02-05,158.169
GOOGL,2025-02-05,127.7416
META,2025-02-05,223.3076
AMZN,2025-02-05,174.6582
AMD,2025-02-05,203.711
NVDA,2025-02-06,171.0737
AAPL,2025-02-06,120.0764
MSFT,2025-02-06,158.3589
GOOGL,2025-02-06,127.78
META,2025-02-06,223.7766
AMZN,2025-02-06,174.8503
AMD,2025-02-06,204.0166
NVDA,2025-02-07,171.3817
AAPL,2025-02-07,120.1244
MSFT,2025-02-07,158.5489
GOOGL,2025-02-07,127.8183
META,2025-02-07,224.2465
AMZN,2025-02-07,175.0426
AMD,2025-02-07,204.3226
NVDA,2025-02-10,171.6902
AAPL,2025-02-10,120.1724
MSFT,2025-02-10,158.7391
GOOGL,2025-02-10,127.8566
META,2025-02-10,224.7174
AMZN,2025-02-10,175.2352
AMD,2025-02-10,204.6291
NVDA,2025-02-11,171.9992
AAPL,2025-02-11,120.2205
MSFT,2025-02-11,158.9296
GOOGL,2025-02-11,127.895
META,2025-02-11,225.1893
AMZN,2025-02-11,175.4279
AMD,2025-02-11,204.936
NVDA,2025-02-12,172.3088
AAPL,2025-02-12,120.2686
MSFT,2025-02-12,159.1203
GOOGL,2025-02-12,127.9334
META,2025-02-12,225.6622
AMZN,2025-02-12,175.6209
AMD,2025-02-12,205.2434
NVDA,2025-02-13,172.619
AAPL,2025-02-13,120.3167
MSFT,2025-02-13,159.3113
GOOGL,2025-02-13,127.9717
META,2025-02-13,226.1361
AMZN,2025-02-13,175.8141
AMD,2025-02-13,205.5513
NVDA,2025-02-14,172.9297
AAPL,2025-02-14,120.3648
MSFT,2025-02-14,159.5025
GOOGL,2025-02-14,128.0101
META,2025-02-14,226.611
AMZN,2025-02-14,176.0075
AMD,2025-02-14,205.8596
NVDA,2025-02-17,173.2409
AAPL,2025-02-17,120.413
MSFT,2025-02-17,159.6939
GOOGL,2025-02-17,128.0485
META,2025-02-17,227.0869
AMZN,2025-02-17,176.2011
AMD,2025-02-17,206.1684
NVDA,2025-02-18,173.5528
AAPL,2025-02-18,120.4611
MSFT,2025-02-18,159.8855
GOOGL,2025-02-18,128.0869
META,2025-02-18,227.5638
AMZN,2025-02-18,176.3949
AMD,2025-02-18,206.4777
NVDA,2025-02-19,173.8652
AAPL,2025-02-19,120.5093
MSFT,2025-02-19,160.0774
GOOGL,2025-02-19,128.1254
META,2025-02-19,228.0416
AMZN,2025-02-19,176.5889
AMD,2025-02-19,206.7874
NVDA,2025-02-20,174.1781
AAPL,2025-02-20,120.5575
MSFT,2025-02-20,160.2695
GOOGL,2025-02-20,128.1638
META,2025-02-20,228.5205
AMZN,2025-02-20,176.7832
AMD,2025-02-20,207.0976
NVDA,2025-02-21,174.4917
AAPL,2025-02-21,120.6057
MSFT,2025-02-21,160.4618
GOOGL,2025-02-21,128.2023
META,2025-02-21,229.0004
AMZN,2025-02-21,176.9777
AMD,2025-02-21,207.4082
NVDA,2025-02-24,174.8057
AAPL,2025-02-24,120.654
MSFT,2025-02-24,160.6543
GOOGL,2025-02-24,128.2407
META,2025-02-24,229.4813
AMZN,2025-02-24,177.1723
AMD,2025-02-24,207.7193
NVDA,2025-02-25,175.1204
AAPL,2025-02-25,120.7023
MSFT,2025-02-25,160.8471
GOOGL,2025-02-25,128.2792
META,2025-02-25,229.9632
AMZN,2025-02-25,177.3672
AMD,2025-02-25,208.0309
NVDA,2025-02-26,175.4356
AAPL,2025-02-26,120.7505
MSFT,2025-02-26,161.0401
GOOGL,2025-02-26,128.3177
META,2025-02-26,230.4462
AMZN,2025-02-26,177.5623
AMD,2025-02-26,208.343
NVDA,2025-02-27,175.7514
AAPL,2025-02-27,120.7988
MSFT,2025-02-27,161.2334
GOOGL,2025-02-27,128.3562
META,2025-02-27,230.9301
AMZN,2025-02-27,177.7576
AMD,2025-02-27,208.6555
NVDA,2025-02-28,176.0677
AAPL,2025-02-28,120.8472
MSFT,2025-02-28,161.4269
GOOGL,2025-02-28,128.3947
META,2025-02-28,231.4151
AMZN,2025-02-28,177.9532
AMD,2025-02-28,208.9685
NVDA,2025-03-03,176.3847
AAPL,2025-03-03,120.8955
MSFT,2025-03-03,161.6206
GOOGL,2025-03-03,128.4332
META,2025-03-03,231.901
AMZN,2025-03-03,178.1489
AMD,2025-03-03,209.2819
NVDA,2025-03-04,176.7022
AAPL,2025-03-04,120.9438
MSFT,2025-03-04,161.8145
GOOGL,2025-03-04,128.4717
META,2025-03-04,232.388
AMZN,2025-03-04,178.3449
AMD,2025-03-04,209.5958
NVDA,2025-03-05,177.0202
AAPL,2025-03-05,120.9922
MSFT,2025-03-05,162.0087
GOOGL,2025-03-05,128.5103
META,2025-03-05,232.876
AMZN,2025-03-05,178.5411
AMD,2025-03-05,209.9102
NVDA,2025-03-06,177.3389
AAPL,2025-03-06,121.0406
MSFT,2025-03-06,162.2031
GOOGL,2025-03-06,128.5488
META,2025-03-06,233.3651
AMZN,2025-03-06,178.7375
AMD,2025-03-06,210.2251
NVDA,2025-03-07,177.6581
AAPL,2025-03-07,121.089
MSFT,2025-03-07,162.3977
GOOGL,2025-03-07,128.5874
META,2025-03-07,233.8551
AMZN,2025-03-07,178.9341
AMD,2025-03-07,210.5404
NVDA,2025-03-10,177.9778
AAPL,2025-03-10,121.1375
MSFT,2025-03-10,162.5926
GOOGL,2025-03-10,128.626
META,2025-03-10,234.3462
AMZN,2025-03-10,179.1309
AMD,2025-03-10,210.8562
NVDA,2025-03-11,178.2982
AAPL,2025-03-11,121.1859
MSFT,2025-03-11,162.7877
GOOGL,2025-03-11,128.6646
META,2025-03-11,234.8384
AMZN,2025-03-11,179.3279
AMD,2025-03-11,211.1725
NVDA,2025-03-12,178.6191
AAPL,2025-03-12,121.2344
MSFT,2025-03-12,162.9831
GOOGL,2025-03-12,128.7032
META,2025-03-12,235.3315
AMZN,2025-03-12,179.5252
AMD,2025-03-12,211.4893
NVDA,2025-03-13,178.9407
AAPL,2025-03-13,121.2829
MSFT,2025-03-13,163.1787
GOOGL,2025-03-13,128.7418
META,2025-03-13,235.8257
AMZN,2025-03-13,179.7227
AMD,2025-03-13,211.8065
NVDA,2025-03-14,179.2628
AAPL,2025-03-14,121.3314
MSFT,2025-03-14,163.3745
GOOGL,2025-03-14,128.7804
META,2025-03-14,236.321
AMZN,2025-03-14,179.9204
AMD,2025-03-14,212.1242
NVDA,2025-03-17,179.5854
AAPL,2025-03-17,121.3799
MSFT,2025-03-17,163.5705
GOOGL,2025-03-17,128.819
META,2025-03-17,236.8172
AMZN,2025-03-17,180.1183
AMD,2025-03-17,212.4424
NVDA,2025-03-18,179.9087
AAPL,2025-03-18,121.4285
MSFT,2025-03-18,163.7668
GOOGL,2025-03-18,128.8577
META,2025-03-18,237.3145
AMZN,2025-03-18,180.3164
AMD,2025-03-18,212.7611
NVDA,2025-03-19,180.2325
AAPL,2025-03-19,121.4771
MSFT,2025-03-19,163.9633
GOOGL,2025-03-19,128.8963
META,2025-03-19,237.8129
AMZN,2025-03-19,180.5148
AMD,2025-03-19,213.0802
NVDA,2025-03-20,180.5569
AAPL,2025-03-20,121.5257
MSFT,2025-03-20,164.1601
GOOGL,2025-03-20,128.935
META,2025-03-20,238.3123
AMZN,2025-03-20,180.7133
AMD,2025-03-20,213.3998
NVDA,2025-03-21,180.8819
AAPL,2025-03-21,121.5743
MSFT,2025-03-21,164.3571
GOOGL,2025-03-21,128.9737
META,2025-03-21,238.8128
AMZN,2025-03-21,180.9121
AMD,2025-03-21,213.7199
NVDA,2025-03-24,181.2075
AAPL,2025-03-24,121.6229
MSFT,2025-03-24,164.5543
GOOGL,2025-03-24,129.0124
META,2025-03-24,239.3143
AMZN,2025-03-24,181.1111
AMD,2025-03-24,214.0405
NVDA,2025-03-25,181.5337
AAPL,2025-03-25,121.6715
MSFT,2025-03-25,164.7518
GOOGL,2025-03-25,129.0511
META,2025-03-25,239.8168
AMZN,2025-03-25,181.3103
AMD,2025-03-25,214.3616
NVDA,2025-03-26,181.8605
AAPL,2025-03-26,121.7202
MSFT,2025-03-26,164.9495
GOOGL,2025-03-26,129.0898
META,2025-03-26,240.3204
AMZN,2025-03-26,181.5098
AMD,2025-03-26,214.6831
NVDA,2025-03-27,182.1878
AAPL,2025-03-27,121.7689
MSFT,2025-03-27,165.1474
GOOGL,2025-03-27,129.1285
META,2025-03-27,240.8251
AMZN,2025-03-27,181.7094
AMD,2025-03-27,215.0051
NVDA,2025-03-28,182.5157
AAPL,2025-03-28,121.8176
MSFT,2025-03-28,165.3456
GOOGL,2025-03-28,129.1672
META,2025-03-28,241.3309
AMZN,2025-03-28,181.9093
AMD,2025-03-28,215.3276
NVDA,2025-03-31,182.8443
AAPL,2025-03-31,121.8663
MSFT,2025-03-31,165.544
GOOGL,2025-03-31,129.206
META,2025-03-31,241.8376
AMZN,2025-03-31,182.1094
AMD,2025-03-31,215.6506
NVDA,2025-04-01,183.3566
AAPL,2025-04-01,122.037
MSFT,2025-04-01,165.9084
GOOGL,2025-04-01,129.374
META,2025-04-01,242.5879
AMZN,2025-04-01,182.4921
AMD,2025-04-01,216.1901
NVDA,2025-04-02,183.6866
AAPL,2025-04-02,122.0858
MSFT,2025-04-02,166.1075
GOOGL,2025-04-02,129.4128
META,2025-04-02,243.0973
AMZN,2025-04-02,182.6928
AMD,2025-04-02,216.5144
NVDA,2025-04-03,184.0172
AAPL,2025-04-03,122.1346
MSFT,2025-04-03,166.3068
GOOGL,2025-04-03,129.4516
META,2025-04-03,243.6078
AMZN,2025-04-03,182.8938
AMD,2025-04-03,216.8391
NVDA,2025-04-04,184.3485
AAPL,2025-04-04,122.1835
MSFT,2025-04-04,166.5064
GOOGL,2025-04-04,129.4905
META,2025-04-04,244.1194
AMZN,2025-04-04,183.0949
AMD,2025-04-04,217.1644
NVDA,2025-04-07,184.6803
AAPL,2025-04-07,122.2324
MSFT,2025-04-07,166.7062
GOOGL,2025-04-07,129.5293
META,2025-04-07,244.632
AMZN,2025-04-07,183.2963
AMD,2025-04-07,217.4902
NVDA,2025-04-08,185.0127
AAPL,2025-04-08,122.2813
MSFT,2025-04-08,166.9062
GOOGL,2025-04-08,129.5682
META,2025-04-08,245.1457
AMZN,2025-04-08,183.498
AMD,2025-04-08,217.8164
NVDA,2025-04-09,185.3457
AAPL,2025-04-09,122.3302
MSFT,2025-04-09,167.1065
GOOGL,2025-04-09,129.6071
META,2025-04-09,245.6606
AMZN,2025-04-09,183.6998
AMD,2025-04-09,218.1431
NVDA,2025-04-10,185.6794
AAPL,2025-04-10,122.3791
MSFT,2025-04-10,167.3071
GOOGL,2025-04-10,129.6459
META,2025-04-10,246.1764
AMZN,2025-04-10,183.9019
AMD,2025-04-10,218.4703
NVDA,2025-04-11,186.0136
AAPL,2025-04-11,122.4281
MSFT,2025-04-11,167.5078
GOOGL,2025-04-11,129.6848
META,2025-04-11,246.6934
AMZN,2025-04-11,184.1042
AMD,2025-04-11,218.798
NVDA,2025-04-14,186.3484
AAPL,2025-04-14,122.477
MSFT,2025-04-14,167.7088
GOOGL,2025-04-14,129.7237
META,2025-04-14,247.2115
AMZN,2025-04-14,184.3067
AMD,2025-04-14,219.1262
NVDA,2025-04-15,186.8705
AAPL,2025-04-15,122.6486
MSFT,2025-04-15,168.078
GOOGL,2025-04-15,129.8924
META,2025-04-15,247.9783
AMZN,2025-04-15,184.6939
AMD,2025-04-15,219.6744
NVDA,2025-04-16,187.2069
AAPL,2025-04-16,122.6976
MSFT,2025-04-16,168.2797
GOOGL,2025-04-16,129.9314
META,2025-04-16,248.4991
AMZN,2025-04-16,184.8971
AMD,2025-04-16,220.0039
NVDA,2025-04-17,187.5439
AAPL,2025-04-17,122.7467
MSFT,2025-04-17,168.4816
GOOGL,2025-04-17,129.9704
META,2025-04-17,249.0209
AMZN,2025-04-17,185.1005
AMD,2025-04-17,220.3339
NVDA,2025-04-18,187.8814
AAPL,2025-04-18,122.7958
MSFT,2025-04-18,168.6838
GOOGL,2025-04-18,130.0094
META,2025-04-18,249.5439
AMZN,2025-04-18,185.3041
AMD,2025-04-18,220.6644
NVDA,2025-04-21,188.2196
AAPL,2025-04-21,122.8449
MSFT,2025-04-21,168.8862
GOOGL,2025-04-21,130.0484
META,2025-04-21,250.0679
AMZN,2025-04-21,185.5079
AMD,2025-04-21,220.9954
NVDA,2025-04-22,188.5584
AAPL,2025-04-22,122.894
MSFT,2025-04-22,169.0889
GOOGL,2025-04-22,130.0874
META,2025-04-22,250.5931
AMZN,2025-04-22,185.712
AMD,2025-04-22,221.3269
NVDA,2025-04-23,188.8978
AAPL,2025-04-23,122.9432
MSFT,2025-04-23,169.2918
GOOGL,2025-04-23,130.1264
META,2025-04-23,251.1193
AMZN,2025-04-23,185.9163
AMD,2025-04-23,221.6589
NVDA,2025-04-24,189.2379
AAPL,2025-04-24,122.9924
MSFT,2025-04-24,169.4949
GOOGL,2025-04-24,130.1654
META,2025-04-24,251.6467
AMZN,2025-04-24,186.1208
AMD,2025-04-24,221.9914
NVDA,2025-04-25,189.5785
AAPL,2025-04-25,123.0416
MSFT,2025-04-25,169.6983
GOOGL,2025-04-25,130.2045
META,2025-04-25,252.1751
AMZN,2025-04-25,186.3255
AMD,2025-04-25,222.3243
NVDA,2025-04-28,189.9197
AAPL,2025-04-28,123.0908
MSFT,2025-04-28,169.902
GOOGL,2025-04-28,130.2435
META,2025-04-28,252.7047
AMZN,2025-04-28,186.5305
AMD,2025-04-28,222.6578
NVDA,2025-04-29,190.2616
AAPL,2025-04-29,123.14
MSFT,2025-04-29,170.1059
GOOGL,2025-04-29,130.2826
META,2025-04-29,253.2354
AMZN,2025-04-29,186.7357
AMD,2025-04-29,222.9918
NVDA,2025-04-30,190.604
AAPL,2025-04-30,123.1893
MSFT,2025-04-30,170.31
GOOGL,2025-04-30,130.3217
META,2025-04-30,253.7672
AMZN,2025-04-30,186.9411
AMD,2025-04-30,223.3263
NVDA,2025-05-01,191.1381
AAPL,2025-05-01,123.3618
MSFT,2025-05-01,170.6849
GOOGL,2025-05-01,130.4912
META,2025-05-01,254.5544
AMZN,2025-05-01,187.3339
AMD,2025-05-01,223.885
NVDA,2025-05-02,191.4821
AAPL,2025-05-02,123.4111
MSFT,2025-05-02,170.8897
GOOGL,2025-05-02,130.5303
META,2025-05-02,255.0889
AMZN,2025-05-02,187.5399
AMD,2025-05-02,224.2208
NVDA,2025-05-05,191.8268
AAPL,2025-05-05,123.4605
MSFT,2025-05-05,171.0948
GOOGL,2025-05-05,130.5695
META,2025-05-05,255.6246
AMZN,2025-05-05,187.7462
AMD,2025-05-05,224.5571
NVDA,2025-05-06,192.1721
AAPL,2025-05-06,123.5099
MSFT,2025-05-06,171.3001
GOOGL,2025-05-06,130.6086
META,2025-05-06,256.1614
AMZN,2025-05-06,187.9527
AMD,2025-05-06,224.894
NVDA,2025-05-07,192.518
AAPL,2025-05-07,123.5593
MSFT,2025-05-07,171.5056
GOOGL,2025-05-07,130.6478
META,2025-05-07,256.6994
AMZN,2025-05-07,188.1595
AMD,2025-05-07,225.2313
NVDA,2025-05-08,192.8645
AAPL,2025-05-08,123.6087
MSFT,2025-05-08,171.7114
GOOGL,2025-05-08,130.687
META,2025-05-08,257.2384
AMZN,2025-05-08,188.3665
AMD,2025-05-08,225.5691
NVDA,2025-05-09,193.2117
AAPL,2025-05-09,123.6582
MSFT,2025-05-09,171.9175
GOOGL,2025-05-09,130.7262
META,2025-05-09,257.7787
AMZN,2025-05-09,188.5737
AMD,2025-05-09,225.9075
NVDA,2025-05-12,193.5595
AAPL,2025-05-12,123.7076
MSFT,2025-05-12,172.1238
GOOGL,2025-05-12,130.7654
META,2025-05-12,258.32
AMZN,2025-05-12,188.7811
AMD,2025-05-12,226.2464
NVDA,2025-05-13,193.9079
AAPL,2025-05-13,123.7571
MSFT,2025-05-13,172.3303
GOOGL,2025-05-13,130.8047
META,2025-05-13,258.8625
AMZN,2025-05-13,188.9888
AMD,2025-05-13,226.5857
NVDA,2025-05-14,194.2569
AAPL,2025-05-14,123.8066
MSFT,2025-05-14,172.5371
GOOGL,2025-05-14,130.8439
META,2025-05-14,259.4061
AMZN,2025-05-14,189.1966
AMD,2025-05-14,226.9256
NVDA,2025-05-15,194.8012
AAPL,2025-05-15,123.98
MSFT,2025-05-15,172.9169
GOOGL,2025-05-15,131.014
META,2025-05-15,260.2108
AMZN,2025-05-15,189.5942
AMD,2025-05-15,227.4933
NVDA,2025-05-16,195.1518
AAPL,2025-05-16,124.0296
MSFT,2025-05-16,173.1244
GOOGL,2025-05-16,131.0533
META,2025-05-16,260.7572
AMZN,2025-05-16,189.8027
AMD,2025-05-16,227.8345
NVDA,2025-05-19,195.5031
AAPL,2025-05-19,124.0792
MSFT,2025-05-19,173.3322
GOOGL,2025-05-19,131.0927
META,2025-05-19,261.3048
AMZN,2025-05-19,190.0115
AMD,2025-05-19,228.1763
NVDA,2025-05-20,195.855
AAPL,2025-05-20,124.1288
MSFT,2025-05-20,173.5402
GOOGL,2025-05-20,131.132
META,2025-05-20,261.8535
AMZN,2025-05-20,190.2205
AMD,2025-05-20,228.5185
NVDA,2025-05-21,196.2075
AAPL,2025-05-21,124.1785
MSFT,2025-05-21,173.7484
GOOGL,2025-05-21,131.1713
META,2025-05-21,262.4034
AMZN,2025-05-21,190.4298
AMD,2025-05-21,228.8613
NVDA,2025-05-22,196.5607
AAPL,2025-05-22,124.2282
MSFT,2025-05-22,173.9569
GOOGL,2025-05-22,131.2107
META,2025-05-22,262.9545
AMZN,2025-05-22,190.6392
AMD,2025-05-22,229.2046
NVDA,2025-05-23,196.9145
AAPL,2025-05-23,124.2778
MSFT,2025-05-23,174.1657
GOOGL,2025-05-23,131.25
META,2025-05-23,263.5067
AMZN,2025-05-23,190.8489
AMD,2025-05-23,229.5484
NVDA,2025-05-26,197.269
AAPL,2025-05-26,124.3276
MSFT,2025-05-26,174.3747
GOOGL,2025-05-26,131.2894
META,2025-05-26,264.0601
AMZN,2025-05-26,191.0589
AMD,2025-05-26,229.8927
NVDA,2025-05-27,197.624
AAPL,2025-05-27,124.3773
MSFT,2025-05-27,174.5839
GOOGL,2025-05-27,131.3288
META,2025-05-27,264.6146
AMZN,2025-05-27,191.269
AMD,2025-05-27,230.2376
NVDA,2025-05-28,197.9798
AAPL,2025-05-28,124.427
MSFT,2025-05-28,174.7934
GOOGL,2025-05-28,131.3682
META,2025-05-28,265.1703
AMZN,2025-05-28,191.4794
AMD,2025-05-28,230.5829
NVDA,2025-05-29,198.3361
AAPL,2025-05-29,124.4768
MSFT,2025-05-29,175.0032
GOOGL,2025-05-29,131.4076
META,2025-05-29,265.7271
AMZN,2025-05-29,191.6901
AMD,2025-05-29,230.9288
NVDA,2025-05-30,198.6931
AAPL,2025-05-30,124.5266
MSFT,2025-05-30,175.2132
GOOGL,2025-05-30,131.447
META,2025-05-30,266.2852
AMZN,2025-05-30,191.9009
AMD,2025-05-30,231.2752
NVDA,2025-06-02,199.0508
AAPL,2025-06-02,124.5764
MSFT,2025-06-02,175.4234
GOOGL,2025-06-02,131.4865
META,2025-06-02,266.8444
AMZN,2025-06-02,192.112
AMD,2025-06-02,231.6221
NVDA,2025-06-03,199.4091
AAPL,2025-06-03,124.6262
MSFT,2025-06-03,175.6339
GOOGL,2025-06-03,131.5259
META,2025-06-03,267.4047
AMZN,2025-06-03,192.3233
AMD,2025-06-03,231.9695
NVDA,2025-06-04,199.768
AAPL,2025-06-04,124.6761
MSFT,2025-06-04,175.8447
GOOGL,2025-06-04,131.5654
META,2025-06-04,267.9663
AMZN,2025-06-04,192.5349
AMD,2025-06-04,232.3175
NVDA,2025-06-05,200.1276
AAPL,2025-06-05,124.726
MSFT,2025-06-05,176.0557
GOOGL,2025-06-05,131.6048
META,2025-06-05,268.529
AMZN,2025-06-05,192.7467
AMD,2025-06-05,232.666
NVDA,2025-06-06,200.4878
AAPL,2025-06-06,124.7759
MSFT,2025-06-06,176.267
GOOGL,2025-06-06,131.6443
META,2025-06-06,269.0929
AMZN,2025-06-06,192.9587
AMD,2025-06-06,233.015
NVDA,2025-06-09,200.8487
AAPL,2025-06-09,124.8258
MSFT,2025-06-09,176.4785
GOOGL,2025-06-09,131.6838
META,2025-06-09,269.658
AMZN,2025-06-09,193.1709
AMD,2025-06-09,233.3645
NVDA,2025-06-10,201.2102
AAPL,2025-06-10,124.8757
MSFT,2025-06-10,176.6903
GOOGL,2025-06-10,131.7233
META,2025-06-10,270.2243
AMZN,2025-06-10,193.3834
AMD,2025-06-10,233.7145
NVDA,2025-06-11,201.5724
AAPL,2025-06-11,124.9256
MSFT,2025-06-11,176.9023
GOOGL,2025-06-11,131.7628
META,2025-06-11,270.7918
AMZN,2025-06-11,193.5962
AMD,2025-06-11,234.0651
NVDA,2025-06-12,201.9352
AAPL,2025-06-12,124.9756
MSFT,2025-06-12,177.1146
GOOGL,2025-06-12,131.8024
META,2025-06-12,271.3604
AMZN,2025-06-12,193.8091
AMD,2025-06-12,234.4162
NVDA,2025-06-13,202.2987
AAPL,2025-06-13,125.0256
MSFT,2025-06-13,177.3271
GOOGL,2025-06-13,131.8419
META,2025-06-13,271.9303
AMZN,2025-06-13,194.0223
AMD,2025-06-13,234.7678
NVDA,2025-06-16,202.6629
AAPL,2025-06-16,125.0756
MSFT,2025-06-16,177.5399
GOOGL,2025-06-16,131.8815
META,2025-06-16,272.5013
AMZN,2025-06-16,194.2357
AMD,2025-06-16,235.12
NVDA,2025-06-17,203.0277
AAPL,2025-06-17,125.1256
MSFT,2025-06-17,177.753
GOOGL,2025-06-17,131.921
META,2025-06-17,273.0736
AMZN,2025-06-17,194.4494
AMD,2025-06-17,235.4726
NVDA,2025-06-18,203.3931
AAPL,2025-06-18,125.1757
MSFT,2025-06-18,177.9663
GOOGL,2025-06-18,131.9606
META,2025-06-18,273.647
AMZN,2025-06-18,194.6633
AMD,2025-06-18,235.8259
NVDA,2025-06-19,203.7592
AAPL,2025-06-19,125.2258
MSFT,2025-06-19,178.1798
GOOGL,2025-06-19,132.0002
META,2025-06-19,274.2217
AMZN,2025-06-19,194.8774
AMD,2025-06-19,236.1796
NVDA,2025-06-20,204.126
AAPL,2025-06-20,125.2759
MSFT,2025-06-20,178.3936
GOOGL,2025-06-20,132.0398
META,2025-06-20,274.7976
AMZN,2025-06-20,195.0918
AMD,2025-06-20,236.5339
NVDA,2025-06-23,204.4934
AAPL,2025-06-23,125.326
MSFT,2025-06-23,178.6077
GOOGL,2025-06-23,132.0794
META,2025-06-23,275.3746
AMZN,2025-06-23,195.3064
AMD,2025-06-23,236.8887
NVDA,2025-06-24,204.8615
AAPL,2025-06-24,125.3761
MSFT,2025-06-24,178.822
GOOGL,2025-06-24,132.119
META,2025-06-24,275.9529
AMZN,2025-06-24,195.5212
AMD,2025-06-24,237.244
NVDA,2025-06-25,205.2302
AAPL,2025-06-25,125.4262
MSFT,2025-06-25,179.0366
GOOGL,2025-06-25,132.1587
META,2025-06-25,276.5324
AMZN,2025-06-25,195.7363
AMD,2025-06-25,237.5999
NVDA,2025-06-26,205.5997
AAPL,2025-06-26,125.4764
MSFT,2025-06-26,179.2515
GOOGL,2025-06-26,132.1983
META,2025-06-26,277.1131
AMZN,2025-06-26,195.9516
AMD,2025-06-26,237.9563
NVDA,2025-06-27,205.9697
AAPL,2025-06-27,125.5266
MSFT,2025-06-27,179.4666
GOOGL,2025-06-27,132.238
META,2025-06-27,277.6951
AMZN,2025-06-27,196.1671
AMD,2025-06-27,238.3132
NVDA,2025-06-30,206.3405
AAPL,2025-06-30,125.5768
MSFT,2025-06-30,179.6819
GOOGL,2025-06-30,132.2776
META,2025-06-30,278.2782
AMZN,2025-06-30,196.3829
AMD,2025-06-30,238.6707
